VIN (1-10),County,City,State,Postal Code,Model Year,Make,Model,Electric Vehicle Type,Clean Alternative Fuel Vehicle (CAFV) Eligibility,Electric Range,Legislative District,DOL Vehicle ID,Vehicle Location,Electric Utility,2020 Census Tract
5YJYGDEE5M,King,Shoreline,WA,98133.0,2021,TESLA,MODEL Y,Battery Electric Vehicle (BEV),Eligibility unknown as battery range has not been researched,0.0,32.0,180491566,POINT (-122.34477 47.75744),CITY OF SEATTLE - (WA)|CITY OF TACOMA - (WA),53033020700.0
5YJYGDEE1M,King,Kent,WA,98030.0,2021,TESLA,MODEL Y,Battery Electric Vehicle (BEV),Eligibility unknown as battery range has not been researched,0.0,47.0,138599772,POINT (-122.224 47.37943),PUGET SOUND ENERGY INC||CITY OF TACOMA - (WA),53033029603.0
50EA1TEA3P,King,Issaquah,WA,98027.0,2023,LUCID,AIR,Battery Electric Vehicle (BEV),Eligibility unknown as battery range has not been researched,0.0,5.0,235017898,POINT (-122.03439 47.5301),PUGET SOUND ENERGY INC||CITY OF TACOMA - (WA),53033025006.0
JTMABABA4R,Spokane,Spokane Valley,WA,99206.0,2024,SUBARU,SOLTERRA,Battery Electric Vehicle (BEV),Eligibility unknown as battery range has not been researched,0.0,4.0,272224116,POINT (-117.24696 47.65713),BONNEVILLE POWER ADMINISTRATION||VERA IRRIGATION DISTRICT #15,53063012802.0
1FTVW1EL4P,Pierce,Tacoma,WA,98409.0,2023,FORD,F-150,Battery Electric Vehicle (BEV),Eligibility unknown as battery range has not been researched,0.0,29.0,262589708,POINT (-122.47913 47.2198),BONNEVILLE POWER ADMINISTRATION||CITY OF TACOMA - (WA)||PENINSULA LIGHT COMPANY,53053062600.0
5YJYGDEE9M,King,Maple Valley,WA,98038.0,2021,TESLA,MODEL Y,Battery Electric Vehicle (BEV),Eligibility unknown as battery range has not been researched,0.0,5.0,179633051,POINT (-122.04526 47.39394),PUGET SOUND ENERGY INC||CITY OF TACOMA - (WA),53033032010.0
5YJ3E1EB5S,King,Shoreline,WA,98177.0,2025,TESLA,MODEL 3,Battery Electric Vehicle (BEV),Eligibility unknown as battery range has not been researched,0.0,32.0,278607185,POINT (-122.36498 47.72238),CITY OF SEATTLE - (WA)|CITY OF TACOMA - (WA),53033020100.0
JN1AZ0CP5C,King,Seattle,WA,98103.0,2012,NISSAN,LEAF,Battery Electric Vehicle (BEV),Clean Alternative Fuel Vehicle Eligible,73.0,43.0,203079215,POINT (-122.35436 47.67596),CITY OF SEATTLE - (WA)|CITY OF TACOMA - (WA),53033005402.0
WAU2DAGH2S,Whatcom,Bellingham,WA,98229.0,2025,AUDI,A6,Battery Electric Vehicle (BEV),Eligibility unknown as battery range has not been researched,0.0,40.0,284334046,POINT (-122.45486 48.7449),PUGET SOUND ENERGY INC||PUD NO 1 OF WHATCOM COUNTY,53073000805.0
KNDCR3L18S,King,Shoreline,WA,98177.0,2025,KIA,NIRO,Battery Electric Vehicle (BEV),Eligibility unknown as battery range has not been researched,0.0,32.0,281906824,POINT (-122.36498 47.72238),CITY OF SEATTLE - (WA)|CITY OF TACOMA - (WA),53033020100.0
1C4RJXR63R,King,Seattle,WA,98106.0,2024,JEEP,WRANGLER,Plug-in Hybrid Electric Vehicle (PHEV),Not eligible due to low battery range,21.0,34.0,269814345,POINT (-122.35163 47.54287),CITY OF SEATTLE - (WA)|CITY OF TACOMA - (WA),53033010701.0
KNDC3DLC6N,Spokane,Spokane,WA,99203.0,2022,KIA,EV6,Battery Electric Vehicle (BEV),Eligibility unknown as battery range has not been researched,0.0,3.0,209996223,POINT (-117.39322 47.63374),MODERN ELECTRIC WATER COMPANY,53063004100.0
7SAYGDEE5T,King,Bellevue,WA,98004.0,2026,TESLA,MODEL Y,Battery Electric Vehicle (BEV),Eligibility unknown as battery range has not been researched,0.0,48.0,282071408,POINT (-122.1872 47.61001),PUGET SOUND ENERGY INC||CITY OF TACOMA - (WA),53033024002.0
WA1E2AFY8M,King,Seattle,WA,98117.0,2021,AUDI,Q5 E,Plug-in Hybrid Electric Vehicle (PHEV),Not eligible due to low battery range,18.0,36.0,169447162,POINT (-122.38418 47.70044),CITY OF SEATTLE - (WA)|CITY OF TACOMA - (WA),53033001500.0
5UXKT0C30H,King,Seattle,WA,98133.0,2017,BMW,X5,Plug-in Hybrid Electric Vehicle (PHEV),Not eligible due to low battery range,14.0,46.0,166187031,POINT (-122.34477 47.75744),CITY OF SEATTLE - (WA)|CITY OF TACOMA - (WA),53033001201.0
7SAYGDEE0N,Snohomish,Snohomish,WA,98296.0,2022,TESLA,MODEL Y,Battery Electric Vehicle (BEV),Eligibility unknown as battery range has not been researched,0.0,1.0,218044837,POINT (-122.1389 47.87115),PUGET SOUND ENERGY INC,53061052108.0
7SAXCBE56R,Kittitas,Ellensburg,WA,98926.0,2024,TESLA,MODEL X,Battery Electric Vehicle (BEV),Eligibility unknown as battery range has not been researched,0.0,13.0,267131938,POINT (-120.54872 46.99703),PUGET SOUND ENERGY INC,53037975700.0
7SAYGDEF2S,King,Kent,WA,98030.0,2025,TESLA,MODEL Y,Battery Electric Vehicle (BEV),Eligibility unknown as battery range has not been researched,0.0,47.0,274872979,POINT (-122.224 47.37943),PUGET SOUND ENERGY INC||CITY OF TACOMA - (WA),53033029702.0
1GYKPNRL4S,King,Bellevue,WA,98005.0,2025,CADILLAC,LYRIQ,Battery Electric Vehicle (BEV),Eligibility unknown as battery range has not been researched,0.0,48.0,284189307,POINT (-122.1621 47.64441),PUGET SOUND ENERGY INC||CITY OF TACOMA - (WA),53033023702.0
7SAYGDEE1S,King,Kent,WA,98042.0,2025,TESLA,MODEL Y,Battery Electric Vehicle (BEV),Eligibility unknown as battery range has not been researched,0.0,47.0,276376810,POINT (-122.1179 47.35896),PUGET SOUND ENERGY INC||CITY OF TACOMA - (WA),53033031704.0
5YJ3E1EA1M,King,Seatac,WA,98168.0,2021,TESLA,MODEL 3,Battery Electric Vehicle (BEV),Eligibility unknown as battery range has not been researched,0.0,33.0,225728415,POINT (-122.3317 47.50314),CITY OF SEATTLE - (WA)|CITY OF TACOMA - (WA),53033027300.0
KNDC4DLC0P,Snohomish,Lynnwood,WA,98036.0,2023,KIA,EV6,Battery Electric Vehicle (BEV),Eligibility unknown as battery range has not been researched,0.0,1.0,227468839,POINT (-122.29245 47.82557),PUGET SOUND ENERGY INC,53061051931.0
7PDSGABAXP,King,Bellevue,WA,98004.0,2023,RIVIAN,R1S,Battery Electric Vehicle (BEV),Eligibility unknown as battery range has not been researched,0.0,41.0,257518530,POINT (-122.1872 47.61001),PUGET SOUND ENERGY INC||CITY OF TACOMA - (WA),53033023901.0
1GKB0RDC6R,King,Bellevue,WA,98006.0,2024,GMC,HUMMER EV SUV,Battery Electric Vehicle (BEV),Eligibility unknown as battery range has not been researched,0.0,41.0,269548492,POINT (-122.12096 47.55584),PUGET SOUND ENERGY INC||CITY OF TACOMA - (WA),53033025007.0
2C4RC1L76K,Spokane,Spokane,WA,99224.0,2019,CHRYSLER,PACIFICA,Plug-in Hybrid Electric Vehicle (PHEV),Clean Alternative Fuel Vehicle Eligible,32.0,6.0,475722012,POINT (-117.46996 47.59431),BONNEVILLE POWER ADMINISTRATION||AVISTA CORP||INLAND POWER & LIGHT COMPANY,53063013503.0
7SAYGDEE2T,King,Issaquah,WA,98029.0,2026,TESLA,MODEL Y,Battery Electric Vehicle (BEV),Eligibility unknown as battery range has not been researched,0.0,5.0,283415884,POINT (-122.00292 47.54748),PUGET SOUND ENERGY INC||CITY OF TACOMA - (WA),53033032221.0
7PDSGABL1N,Snohomish,Marysville,WA,98271.0,2022,RIVIAN,R1S,Battery Electric Vehicle (BEV),Eligibility unknown as battery range has not been researched,0.0,38.0,224643926,POINT (-122.17138 48.10433),PUGET SOUND ENERGY INC,53061940001.0
JHMZC5F34J,San Juan,Friday Harbor,WA,98250.0,2018,HONDA,CLARITY,Plug-in Hybrid Electric Vehicle (PHEV),Clean Alternative Fuel Vehicle Eligible,47.0,40.0,139095512,POINT (-123.01648 48.53448),BONNEVILLE POWER ADMINISTRATION||ORCAS POWER & LIGHT COOP,53055960400.0
1N4BZ0CP6G,King,Seattle,WA,98102.0,2016,NISSAN,LEAF,Battery Electric Vehicle (BEV),Clean Alternative Fuel Vehicle Eligible,84.0,43.0,348868110,POINT (-122.32427 47.63433),CITY OF SEATTLE - (WA)|CITY OF TACOMA - (WA),53033006600.0
7SAYGDEE1P,Whatcom,Bellingham,WA,98226.0,2023,TESLA,MODEL Y,Battery Electric Vehicle (BEV),Eligibility unknown as battery range has not been researched,0.0,42.0,230871595,POINT (-122.49756 48.7999),PUGET SOUND ENERGY INC||PUD NO 1 OF WHATCOM COUNTY,53073000202.0
1G1RC6S53J,Thurston,Olympia,WA,98506.0,2018,CHEVROLET,VOLT,Plug-in Hybrid Electric Vehicle (PHEV),Clean Alternative Fuel Vehicle Eligible,53.0,22.0,196545842,POINT (-122.87741 47.05997),PUGET SOUND ENERGY INC,53067012100.0
7SAYGDEE6P,Snohomish,Bothell,WA,98012.0,2023,TESLA,MODEL Y,Battery Electric Vehicle (BEV),Eligibility unknown as battery range has not been researched,0.0,44.0,244741157,POINT (-122.22038 47.8572),PUGET SOUND ENERGY INC,53061052010.0
2C4RC1S73N,King,Maple Valley,WA,98038.0,2022,CHRYSLER,PACIFICA,Plug-in Hybrid Electric Vehicle (PHEV),Clean Alternative Fuel Vehicle Eligible,32.0,5.0,225872643,POINT (-122.04526 47.39394),PUGET SOUND ENERGY INC||CITY OF TACOMA - (WA),53033032003.0
5YJYGAEE0M,Pierce,Gig Harbor,WA,98332.0,2021,TESLA,MODEL Y,Battery Electric Vehicle (BEV),Eligibility unknown as battery range has not been researched,0.0,26.0,150264145,POINT (-122.59044 47.34236),BONNEVILLE POWER ADMINISTRATION||CITY OF TACOMA - (WA)||PENINSULA LIGHT COMPANY,53053072504.0
JTDACACU7S,King,Seattle,WA,98105.0,2025,TOYOTA,PRIUS PRIME (PHEV),Plug-in Hybrid Electric Vehicle (PHEV),Clean Alternative Fuel Vehicle Eligible,39.0,43.0,284283366,POINT (-122.31307 47.66127),CITY OF SEATTLE - (WA)|CITY OF TACOMA - (WA),53033004302.0
5YJ3E1EAXP,Clark,Camas,WA,98607.0,2023,TESLA,MODEL 3,Battery Electric Vehicle (BEV),Eligibility unknown as battery range has not been researched,0.0,18.0,234935627,POINT (-122.40199 45.58694),BONNEVILLE POWER ADMINISTRATION||PUD NO 1 OF CLARK COUNTY - (WA),53011040608.0
7SAYGDEE5R,King,Seattle,WA,98118.0,2024,TESLA,MODEL Y,Battery Electric Vehicle (BEV),Eligibility unknown as battery range has not been researched,0.0,37.0,271308663,POINT (-122.2668 47.55115),CITY OF SEATTLE - (WA)|CITY OF TACOMA - (WA),53033011801.0
JM3KKEHA4R,Snohomish,Everett,WA,98201.0,2024,MAZDA,CX-90,Plug-in Hybrid Electric Vehicle (PHEV),Not eligible due to low battery range,26.0,38.0,249883490,POINT (-122.20596 47.97659),PUGET SOUND ENERGY INC,53061040100.0
7SAYGDEEXP,King,Federal Way,WA,98023.0,2023,TESLA,MODEL Y,Battery Electric Vehicle (BEV),Eligibility unknown as battery range has not been researched,0.0,30.0,228379840,POINT (-122.34059 47.32478),PUGET SOUND ENERGY INC||CITY OF TACOMA - (WA),53033030310.0
5YJ3E1EA9M,Snohomish,Mountlake Terrace,WA,98043.0,2021,TESLA,MODEL 3,Battery Electric Vehicle (BEV),Eligibility unknown as battery range has not been researched,0.0,1.0,167435614,POINT (-122.31111 47.78803),PUGET SOUND ENERGY INC,53061051100.0
5YJ3E1ECXN,Snohomish,Lake Stevens,WA,98258.0,2022,TESLA,MODEL 3,Battery Electric Vehicle (BEV),Eligibility unknown as battery range has not been researched,0.0,44.0,204893657,POINT (-122.06402 48.01497),PUGET SOUND ENERGY INC,53061052505.0
5YJYGDEE1M,King,Seattle,WA,98109.0,2021,TESLA,MODEL Y,Battery Electric Vehicle (BEV),Eligibility unknown as battery range has not been researched,0.0,36.0,177810678,POINT (-122.35022 47.63824),CITY OF SEATTLE - (WA)|CITY OF TACOMA - (WA),53033006000.0
3C3CFFGE3H,King,Renton,WA,98055.0,2017,FIAT,500,Battery Electric Vehicle (BEV),Clean Alternative Fuel Vehicle Eligible,84.0,11.0,284728265,POINT (-122.20784 47.46004),PUGET SOUND ENERGY INC||CITY OF TACOMA - (WA),53033025806.0
3FMTK4SEXM,Pierce,Gig Harbor,WA,98332.0,2021,FORD,MUSTANG MACH-E,Battery Electric Vehicle (BEV),Eligibility unknown as battery range has not been researched,0.0,26.0,249772407,POINT (-122.59044 47.34236),BONNEVILLE POWER ADMINISTRATION||CITY OF TACOMA - (WA)||PENINSULA LIGHT COMPANY,53053072504.0
5YJYGDEE1M,King,Mercer Island,WA,98040.0,2021,TESLA,MODEL Y,Battery Electric Vehicle (BEV),Eligibility unknown as battery range has not been researched,0.0,41.0,166134111,POINT (-122.21238 47.57816),PUGET SOUND ENERGY INC||CITY OF TACOMA - (WA),53033024400.0
KM8JFDD20R,Spokane,Spokane,WA,99208.0,2024,HYUNDAI,TUCSON,Plug-in Hybrid Electric Vehicle (PHEV),Clean Alternative Fuel Vehicle Eligible,33.0,7.0,262653485,POINT (-117.45005 47.7333),BONNEVILLE POWER ADMINISTRATION||AVISTA CORP||INLAND POWER & LIGHT COMPANY,53063010507.0
5YJ3E1EB2R,Skagit,Burlington,WA,98233.0,2024,TESLA,MODEL 3,Battery Electric Vehicle (BEV),Eligibility unknown as battery range has not been researched,0.0,40.0,269855729,POINT (-122.33029 48.46846),PUGET SOUND ENERGY INC,53057951600.0
7YAKRDDC4S,King,Seattle,WA,98109.0,2025,HYUNDAI,IONIQ 5,Battery Electric Vehicle (BEV),Eligibility unknown as battery range has not been researched,0.0,43.0,281220250,POINT (-122.35022 47.63824),CITY OF SEATTLE - (WA)|CITY OF TACOMA - (WA),53033007303.0
5YJ3E1EA3P,Snohomish,Everett,WA,98208.0,2023,TESLA,MODEL 3,Battery Electric Vehicle (BEV),Eligibility unknown as battery range has not been researched,0.0,44.0,267413842,POINT (-122.18637 47.89251),PUGET SOUND ENERGY INC,53061041701.0
KNDCS3LF1P,Island,Camano Island,WA,98282.0,2023,KIA,NIRO,Plug-in Hybrid Electric Vehicle (PHEV),Clean Alternative Fuel Vehicle Eligible,33.0,10.0,236619169,POINT (-122.40049 48.23986),BONNEVILLE POWER ADMINISTRATION||PUD 1 OF SNOHOMISH COUNTY,53029971400.0
WMZYU7C50K,Snohomish,Bothell,WA,98021.0,2019,MINI,COUNTRYMAN,Plug-in Hybrid Electric Vehicle (PHEV),Not eligible due to low battery range,12.0,1.0,178735637,POINT (-122.18384 47.8031),PUGET SOUND ENERGY INC,53061051914.0
WBY43FK08R,King,Newcastle,WA,98056.0,2024,BMW,I5,Battery Electric Vehicle (BEV),Eligibility unknown as battery range has not been researched,0.0,41.0,266725973,POINT (-122.2044 47.52136),PUGET SOUND ENERGY INC||CITY OF TACOMA - (WA),53033025001.0
YV4BC0PL7G,Yakima,Yakima,WA,98908.0,2016,VOLVO,XC90,Plug-in Hybrid Electric Vehicle (PHEV),Not eligible due to low battery range,13.0,14.0,260148591,POINT (-120.60199 46.59817),PACIFICORP,53077000401.0
7SAYGDEE8P,Clark,La Center,WA,98629.0,2023,TESLA,MODEL Y,Battery Electric Vehicle (BEV),Eligibility unknown as battery range has not been researched,0.0,18.0,227148589,POINT (-122.67248 45.86156),BONNEVILLE POWER ADMINISTRATION||PUD NO 1 OF CLARK COUNTY - (WA),53011040201.0
1G1FZ6S05N,Snohomish,Mountlake Terrace,WA,98043.0,2022,CHEVROLET,BOLT EUV,Battery Electric Vehicle (BEV),Eligibility unknown as battery range has not been researched,0.0,1.0,211180903,POINT (-122.31111 47.78803),PUGET SOUND ENERGY INC,53061051100.0
WA124BGF4S,King,Bellevue,WA,98008.0,2025,AUDI,Q6,Battery Electric Vehicle (BEV),Eligibility unknown as battery range has not been researched,0.0,48.0,279072335,POINT (-122.11867 47.63131),PUGET SOUND ENERGY INC||CITY OF TACOMA - (WA),53033023403.0
JTMABABA2S,King,Seattle,WA,98136.0,2025,SUBARU,SOLTERRA,Battery Electric Vehicle (BEV),Eligibility unknown as battery range has not been researched,0.0,34.0,286884825,POINT (-122.38415 47.53755),CITY OF SEATTLE - (WA)|CITY OF TACOMA - (WA),53033011601.0
7SAYGDEE1P,King,Sammamish,WA,98074.0,2023,TESLA,MODEL Y,Battery Electric Vehicle (BEV),Eligibility unknown as battery range has not been researched,0.0,45.0,244432506,POINT (-122.02054 47.60326),PUGET SOUND ENERGY INC||CITY OF TACOMA - (WA),53033032225.0
3GNKDHRK7R,Yakima,Yakima,WA,98902.0,2024,CHEVROLET,BLAZER,Battery Electric Vehicle (BEV),Eligibility unknown as battery range has not been researched,0.0,14.0,267255026,POINT (-120.51904 46.59783),PACIFICORP,53077000500.0
WVGGNPE21N,King,Bellevue,WA,98006.0,2022,VOLKSWAGEN,ID.4,Battery Electric Vehicle (BEV),Eligibility unknown as battery range has not been researched,0.0,41.0,286313107,POINT (-122.12096 47.55584),PUGET SOUND ENERGY INC||CITY OF TACOMA - (WA),53033024901.0
7SAYGAEEXR,Thurston,Olympia,WA,98502.0,2024,TESLA,MODEL Y,Battery Electric Vehicle (BEV),Eligibility unknown as battery range has not been researched,0.0,35.0,273699996,POINT (-122.92333 47.03779),PUGET SOUND ENERGY INC,53067011902.0
1G1FY6S07L,Whatcom,Bellingham,WA,98226.0,2020,CHEVROLET,BOLT EV,Battery Electric Vehicle (BEV),Clean Alternative Fuel Vehicle Eligible,259.0,42.0,262818762,POINT (-122.49756 48.7999),PUGET SOUND ENERGY INC||PUD NO 1 OF WHATCOM COUNTY,53073000101.0
5XYC3DJC6S,Snohomish,Everett,WA,98208.0,2025,KIA,EV6,Battery Electric Vehicle (BEV),Eligibility unknown as battery range has not been researched,0.0,1.0,286371683,POINT (-122.18637 47.89251),PUGET SOUND ENERGY INC,53061052114.0
7SAYGDEF3R,Grant,Moses Lake,WA,98837.0,2024,TESLA,MODEL Y,Battery Electric Vehicle (BEV),Eligibility unknown as battery range has not been researched,0.0,13.0,263280286,POINT (-119.2771 47.13196),PUD NO 2 OF GRANT COUNTY,53025011200.0
JTMABABA7P,King,Shoreline,WA,98133.0,2023,SUBARU,SOLTERRA,Battery Electric Vehicle (BEV),Eligibility unknown as battery range has not been researched,0.0,32.0,227520443,POINT (-122.34477 47.75744),CITY OF SEATTLE - (WA)|CITY OF TACOMA - (WA),53033020700.0
KMUKCDSC1R,King,Seattle,WA,98106.0,2024,GENESIS,GV60,Battery Electric Vehicle (BEV),Eligibility unknown as battery range has not been researched,0.0,34.0,283135576,POINT (-122.35163 47.54287),CITY OF SEATTLE - (WA)|CITY OF TACOMA - (WA),53033009900.0
3FMTK3SU9R,King,Seatac,WA,98188.0,2024,FORD,MUSTANG MACH-E,Battery Electric Vehicle (BEV),Eligibility unknown as battery range has not been researched,0.0,33.0,276615370,POINT (-122.27979 47.44952),PUGET SOUND ENERGY INC||CITY OF TACOMA - (WA),53033028403.0
JM3KKEHA0S,King,Auburn,WA,98092.0,2025,MAZDA,CX-90,Plug-in Hybrid Electric Vehicle (PHEV),Not eligible due to low battery range,26.0,47.0,276407106,POINT (-122.18497 47.28825),PUGET SOUND ENERGY INC||CITY OF TACOMA - (WA),53033031208.0
WA1E2AFY2N,King,Seattle,WA,98107.0,2022,AUDI,Q5,Plug-in Hybrid Electric Vehicle (PHEV),Not eligible due to low battery range,22.0,36.0,284603091,POINT (-122.38591 47.67597),CITY OF SEATTLE - (WA)|CITY OF TACOMA - (WA),53033003201.0
5YJ3E1EB1K,Spokane,Spokane,WA,99203.0,2019,TESLA,MODEL 3,Battery Electric Vehicle (BEV),Clean Alternative Fuel Vehicle Eligible,220.0,6.0,107529859,POINT (-117.39322 47.63374),MODERN ELECTRIC WATER COMPANY,53063004200.0
7SAYGDEE8P,King,Seattle,WA,98109.0,2023,TESLA,MODEL Y,Battery Electric Vehicle (BEV),Eligibility unknown as battery range has not been researched,0.0,43.0,275234683,POINT (-122.35022 47.63824),CITY OF SEATTLE - (WA)|CITY OF TACOMA - (WA),53033007303.0
5YJ3E1EA9N,King,Bellevue,WA,98006.0,2022,TESLA,MODEL 3,Battery Electric Vehicle (BEV),Eligibility unknown as battery range has not been researched,0.0,41.0,218866882,POINT (-122.12096 47.55584),PUGET SOUND ENERGY INC||CITY OF TACOMA - (WA),53033024704.0
KNDPZDAHXP,King,Kent,WA,98030.0,2023,KIA,SPORTAGE,Plug-in Hybrid Electric Vehicle (PHEV),Clean Alternative Fuel Vehicle Eligible,34.0,33.0,252323046,POINT (-122.224 47.37943),PUGET SOUND ENERGY INC||CITY OF TACOMA - (WA),53033029702.0
1FMCU0E11P,Snohomish,Everett,WA,98204.0,2023,FORD,ESCAPE,Plug-in Hybrid Electric Vehicle (PHEV),Clean Alternative Fuel Vehicle Eligible,37.0,21.0,254919080,POINT (-122.27557 47.88936),PUGET SOUND ENERGY INC,53061041809.0
1V2CRPE81S,King,Kent,WA,98032.0,2025,VOLKSWAGEN,ID.4,Battery Electric Vehicle (BEV),Eligibility unknown as battery range has not been researched,0.0,33.0,283352002,POINT (-122.23741 47.3807),PUGET SOUND ENERGY INC||CITY OF TACOMA - (WA),53033029206.0
7SAYGDEE6T,Chelan,Wenatchee,WA,98801.0,2026,TESLA,MODEL Y,Battery Electric Vehicle (BEV),Eligibility unknown as battery range has not been researched,0.0,12.0,281405400,POINT (-120.30521 47.41493),PUD NO 1 OF CHELAN COUNTY,53007961304.0
JM3KKEHA8S,King,Seattle,WA,98106.0,2025,MAZDA,CX-90,Plug-in Hybrid Electric Vehicle (PHEV),Not eligible due to low battery range,26.0,34.0,280315626,POINT (-122.35163 47.54287),CITY OF SEATTLE - (WA)|CITY OF TACOMA - (WA),53033010701.0
ZASPATDW1R,King,Woodinville,WA,98072.0,2024,ALFA ROMEO,TONALE,Plug-in Hybrid Electric Vehicle (PHEV),Clean Alternative Fuel Vehicle Eligible,33.0,45.0,253181337,POINT (-122.15545 47.75448),PUGET SOUND ENERGY INC||CITY OF TACOMA - (WA),53033032311.0
2C4RC1S74P,Clallam,Neah Bay,WA,98357.0,2023,CHRYSLER,PACIFICA,Plug-in Hybrid Electric Vehicle (PHEV),Clean Alternative Fuel Vehicle Eligible,32.0,24.0,244340554,POINT (-124.62755 48.36786),BONNEVILLE POWER ADMINISTRATION||PUD NO 1 OF CLALLAM COUNTY,53009940000.0
WVWKR7AU8K,Pierce,Tacoma,WA,98418.0,2019,VOLKSWAGEN,E-GOLF,Battery Electric Vehicle (BEV),Clean Alternative Fuel Vehicle Eligible,125.0,27.0,185744128,POINT (-122.44629 47.22283),BONNEVILLE POWER ADMINISTRATION||CITY OF TACOMA - (WA)||PENINSULA LIGHT COMPANY,53053062400.0
5YJ3E1EB3J,Snohomish,Arlington,WA,98223.0,2018,TESLA,MODEL 3,Battery Electric Vehicle (BEV),Clean Alternative Fuel Vehicle Eligible,215.0,39.0,261384567,POINT (-122.1264 48.19471),BONNEVILLE POWER ADMINISTRATION||PUD 1 OF SNOHOMISH COUNTY,53061053509.0
KM8KMDDF5R,Clark,Camas,WA,98607.0,2024,HYUNDAI,IONIQ 5,Battery Electric Vehicle (BEV),Eligibility unknown as battery range has not been researched,0.0,18.0,272939971,POINT (-122.40199 45.58694),BONNEVILLE POWER ADMINISTRATION||PUD NO 1 OF CLARK COUNTY - (WA),53011040610.0
1G1FZ6S01L,King,Redmond,WA,98052.0,2020,CHEVROLET,BOLT EV,Battery Electric Vehicle (BEV),Clean Alternative Fuel Vehicle Eligible,259.0,48.0,258256589,POINT (-122.13158 47.67858),PUGET SOUND ENERGY INC||CITY OF TACOMA - (WA),53033022802.0
JTMAAAAA6R,King,Seattle,WA,98118.0,2024,TOYOTA,BZ4X,Battery Electric Vehicle (BEV),Eligibility unknown as battery range has not been researched,0.0,37.0,262894075,POINT (-122.2668 47.55115),PUGET SOUND ENERGY INC||CITY OF TACOMA - (WA),53033011102.0
7SAYGDEF2N,Whatcom,Bellingham,WA,98226.0,2022,TESLA,MODEL Y,Battery Electric Vehicle (BEV),Eligibility unknown as battery range has not been researched,0.0,42.0,213449792,POINT (-122.49756 48.7999),PUGET SOUND ENERGY INC||PUD NO 1 OF WHATCOM COUNTY,53073000202.0
5YJYGDEE8M,King,Seattle,WA,98115.0,2021,TESLA,MODEL Y,Battery Electric Vehicle (BEV),Eligibility unknown as battery range has not been researched,0.0,46.0,185075005,POINT (-122.31676 47.68156),CITY OF SEATTLE - (WA)|CITY OF TACOMA - (WA),53033002600.0
1G1FZ6S05L,King,Seattle,WA,98103.0,2020,CHEVROLET,BOLT EV,Battery Electric Vehicle (BEV),Clean Alternative Fuel Vehicle Eligible,259.0,43.0,133616612,POINT (-122.35436 47.67596),CITY OF SEATTLE - (WA)|CITY OF TACOMA - (WA),53033005100.0
5YJ3E1EA9M,Chelan,Wenatchee,WA,98801.0,2021,TESLA,MODEL 3,Battery Electric Vehicle (BEV),Eligibility unknown as battery range has not been researched,0.0,12.0,156505289,POINT (-120.30521 47.41493),PUD NO 1 OF CHELAN COUNTY,53007960801.0
5YJ3E1EA1J,King,Mercer Island,WA,98040.0,2018,TESLA,MODEL 3,Battery Electric Vehicle (BEV),Clean Alternative Fuel Vehicle Eligible,215.0,41.0,338506724,POINT (-122.21238 47.57816),PUGET SOUND ENERGY INC||CITY OF TACOMA - (WA),53033024500.0
JTMFB3FV0M,Kittitas,Cle Elum,WA,98922.0,2021,TOYOTA,RAV4 PRIME (PHEV),Plug-in Hybrid Electric Vehicle (PHEV),Clean Alternative Fuel Vehicle Eligible,42.0,13.0,182906552,POINT (-120.93943 47.195),PUGET SOUND ENERGY INC,53037975101.0
KNDRMDLH5P,King,Mercer Island,WA,98040.0,2023,KIA,SORENTO,Plug-in Hybrid Electric Vehicle (PHEV),Clean Alternative Fuel Vehicle Eligible,32.0,41.0,250970198,POINT (-122.21238 47.57816),PUGET SOUND ENERGY INC||CITY OF TACOMA - (WA),53033024500.0
YV1H60EP5R,King,Sammamish,WA,98075.0,2024,VOLVO,V60,Plug-in Hybrid Electric Vehicle (PHEV),Clean Alternative Fuel Vehicle Eligible,41.0,41.0,253234656,POINT (-122.03539 47.61344),PUGET SOUND ENERGY INC||CITY OF TACOMA - (WA),53033032211.0
3FMTK3SUXM,King,Seattle,WA,98122.0,2021,FORD,MUSTANG MACH-E,Battery Electric Vehicle (BEV),Eligibility unknown as battery range has not been researched,0.0,37.0,260668439,POINT (-122.31009 47.60803),CITY OF SEATTLE - (WA)|CITY OF TACOMA - (WA),53033008800.0
7SAYGDEE1R,King,Issaquah,WA,98029.0,2024,TESLA,MODEL Y,Battery Electric Vehicle (BEV),Eligibility unknown as battery range has not been researched,0.0,5.0,266629359,POINT (-122.00292 47.54748),PUGET SOUND ENERGY INC||CITY OF TACOMA - (WA),53033032220.0
1G1FX6S09K,Thurston,Rochester,WA,98579.0,2019,CHEVROLET,BOLT EV,Battery Electric Vehicle (BEV),Clean Alternative Fuel Vehicle Eligible,238.0,35.0,255556668,POINT (-123.08743 46.82175),PUGET SOUND ENERGY INC,53067012610.0
5YJSA1E58P,King,Kirkland,WA,98033.0,2023,TESLA,MODEL S,Battery Electric Vehicle (BEV),Eligibility unknown as battery range has not been researched,0.0,48.0,238973724,POINT (-122.2066 47.67887),PUGET SOUND ENERGY INC||CITY OF TACOMA - (WA),53033022701.0
7FCTGAAA9P,King,Seattle,WA,98199.0,2023,RIVIAN,R1T,Battery Electric Vehicle (BEV),Eligibility unknown as battery range has not been researched,0.0,36.0,249914080,POINT (-122.40092 47.65908),CITY OF SEATTLE - (WA)|CITY OF TACOMA - (WA),53033005600.0
1C4RJXN68R,Pierce,Joint Base Lewis Mcchord,WA,98433.0,2024,JEEP,WRANGLER,Plug-in Hybrid Electric Vehicle (PHEV),Not eligible due to low battery range,21.0,28.0,269898695,POINT (-122.60761 47.08798),PUGET SOUND ENERGY INC||CITY OF TACOMA - (WA),53053072903.0
7SYEA3YB7S,King,North Bend,WA,98045.0,2025,POLESTAR,POLESTAR 3,Battery Electric Vehicle (BEV),Eligibility unknown as battery range has not been researched,0.0,5.0,280097289,POINT (-121.7831 47.49348),PUGET SOUND ENERGY INC||CITY OF TACOMA - (WA),53033032706.0
7PDSGABA9P,King,Issaquah,WA,98027.0,2023,RIVIAN,R1S,Battery Electric Vehicle (BEV),Eligibility unknown as battery range has not been researched,0.0,5.0,267167876,POINT (-122.03439 47.5301),PUGET SOUND ENERGY INC||CITY OF TACOMA - (WA),53033032102.0
KNDCS3LF1P,King,Renton,WA,98055.0,2023,KIA,NIRO,Plug-in Hybrid Electric Vehicle (PHEV),Clean Alternative Fuel Vehicle Eligible,33.0,11.0,244136308,POINT (-122.20784 47.46004),PUGET SOUND ENERGY INC||CITY OF TACOMA - (WA),53033025806.0
5UXTS1C00M,King,Seattle,WA,98102.0,2021,BMW,X3,Plug-in Hybrid Electric Vehicle (PHEV),Not eligible due to low battery range,17.0,43.0,282767348,POINT (-122.32427 47.63433),CITY OF SEATTLE - (WA)|CITY OF TACOMA - (WA),53033006100.0
7SAYGDEE5N,King,Redmond,WA,98052.0,2022,TESLA,MODEL Y,Battery Electric Vehicle (BEV),Eligibility unknown as battery range has not been researched,0.0,48.0,187034578,POINT (-122.13158 47.67858),PUGET SOUND ENERGY INC||CITY OF TACOMA - (WA),53033032313.0
5NMMCET14R,King,Bellevue,WA,98005.0,2024,GENESIS,GV70,Battery Electric Vehicle (BEV),Eligibility unknown as battery range has not been researched,0.0,41.0,268481839,POINT (-122.1621 47.64441),PUGET SOUND ENERGY INC||CITY OF TACOMA - (WA),53033023601.0
5YJ3E1EAXL,King,Kenmore,WA,98028.0,2020,TESLA,MODEL 3,Battery Electric Vehicle (BEV),Clean Alternative Fuel Vehicle Eligible,266.0,46.0,281300666,POINT (-122.24369 47.75892),PUGET SOUND ENERGY INC||CITY OF TACOMA - (WA),53033022102.0
5YJ3E1EA4P,Snohomish,Lake Stevens,WA,98258.0,2023,TESLA,MODEL 3,Battery Electric Vehicle (BEV),Eligibility unknown as battery range has not been researched,0.0,44.0,257742460,POINT (-122.06402 48.01497),PUGET SOUND ENERGY INC,53061052606.0
1G1FW6S08P,King,Seattle,WA,98199.0,2023,CHEVROLET,BOLT EV,Battery Electric Vehicle (BEV),Eligibility unknown as battery range has not been researched,0.0,36.0,269805504,POINT (-122.40092 47.65908),CITY OF SEATTLE - (WA)|CITY OF TACOMA - (WA),53033005801.0
5YJ3E1EA8N,King,Seatac,WA,98148.0,2022,TESLA,MODEL 3,Battery Electric Vehicle (BEV),Eligibility unknown as battery range has not been researched,0.0,33.0,223768149,POINT (-122.32863 47.46233),PUGET SOUND ENERGY INC||CITY OF TACOMA - (WA),53033028500.0
1G1FZ6S01P,King,Seattle,WA,98106.0,2023,CHEVROLET,BOLT EUV,Battery Electric Vehicle (BEV),Eligibility unknown as battery range has not been researched,0.0,34.0,232983089,POINT (-122.35163 47.54287),CITY OF SEATTLE - (WA)|CITY OF TACOMA - (WA),53033010800.0
WBA8E1C38H,King,Renton,WA,98057.0,2017,BMW,330E,Plug-in Hybrid Electric Vehicle (PHEV),Not eligible due to low battery range,14.0,11.0,324047503,POINT (-122.20489 47.47532),PUGET SOUND ENERGY INC||CITY OF TACOMA - (WA),53033026003.0
1V2GNPE88P,King,Issaquah,WA,98029.0,2023,VOLKSWAGEN,ID.4,Battery Electric Vehicle (BEV),Eligibility unknown as battery range has not been researched,0.0,5.0,224644969,POINT (-122.00292 47.54748),PUGET SOUND ENERGY INC||CITY OF TACOMA - (WA),53033032221.0
JTMABACA7R,Whatcom,Bellingham,WA,98229.0,2024,TOYOTA,BZ4X,Battery Electric Vehicle (BEV),Eligibility unknown as battery range has not been researched,0.0,40.0,274303613,POINT (-122.45486 48.7449),PUGET SOUND ENERGY INC||PUD NO 1 OF WHATCOM COUNTY,53073000803.0
1FMCU0E13S,Thurston,Olympia,WA,98512.0,2025,FORD,ESCAPE,Plug-in Hybrid Electric Vehicle (PHEV),Clean Alternative Fuel Vehicle Eligible,37.0,35.0,284158850,POINT (-122.90787 46.9461),PUGET SOUND ENERGY INC,53067011821.0
KNDPZDAH2P,Thurston,Lacey,WA,98513.0,2023,KIA,SPORTAGE,Plug-in Hybrid Electric Vehicle (PHEV),Clean Alternative Fuel Vehicle Eligible,34.0,22.0,233619046,POINT (-122.81754 46.98876),PUGET SOUND ENERGY INC,53067011623.0
7SAYGDEEXP,King,Kirkland,WA,98034.0,2023,TESLA,MODEL Y,Battery Electric Vehicle (BEV),Eligibility unknown as battery range has not been researched,0.0,1.0,231163992,POINT (-122.22901 47.72201),PUGET SOUND ENERGY INC||CITY OF TACOMA - (WA),53033022204.0
WBY1Z4C57G,King,Seattle,WA,98199.0,2016,BMW,I3,Plug-in Hybrid Electric Vehicle (PHEV),Clean Alternative Fuel Vehicle Eligible,72.0,36.0,109787177,POINT (-122.40092 47.65908),CITY OF SEATTLE - (WA)|CITY OF TACOMA - (WA),53033005700.0
3FMTK3SU4P,Snohomish,Lake Stevens,WA,98258.0,2023,FORD,MUSTANG MACH-E,Battery Electric Vehicle (BEV),Eligibility unknown as battery range has not been researched,0.0,44.0,256229592,POINT (-122.06402 48.01497),PUGET SOUND ENERGY INC,53061052603.0
5YJSA1E11G,King,Tukwila,WA,98168.0,2016,TESLA,MODEL S,Battery Electric Vehicle (BEV),Clean Alternative Fuel Vehicle Eligible,210.0,11.0,282889827,POINT (-122.3317 47.50314),CITY OF SEATTLE - (WA)|CITY OF TACOMA - (WA),53033027300.0
7SAYGDEE8N,King,Bellevue,WA,98008.0,2022,TESLA,MODEL Y,Battery Electric Vehicle (BEV),Eligibility unknown as battery range has not been researched,0.0,48.0,252553549,POINT (-122.11867 47.63131),PUGET SOUND ENERGY INC||CITY OF TACOMA - (WA),53033023300.0
1N4AZ0CP7D,Snohomish,Snohomish,WA,98290.0,2013,NISSAN,LEAF,Battery Electric Vehicle (BEV),Clean Alternative Fuel Vehicle Eligible,75.0,44.0,208697842,POINT (-122.09305 47.91265),PUGET SOUND ENERGY INC,53061052301.0
5YJ3E1EA7J,King,Woodinville,WA,98072.0,2018,TESLA,MODEL 3,Battery Electric Vehicle (BEV),Clean Alternative Fuel Vehicle Eligible,215.0,45.0,106149774,POINT (-122.15545 47.75448),PUGET SOUND ENERGY INC||CITY OF TACOMA - (WA),53033032307.0
1N4AZ1CP5J,Spokane,Spokane Valley,WA,99206.0,2018,NISSAN,LEAF,Battery Electric Vehicle (BEV),Clean Alternative Fuel Vehicle Eligible,151.0,4.0,314799481,POINT (-117.24696 47.65713),BONNEVILLE POWER ADMINISTRATION||VERA IRRIGATION DISTRICT #15,53063012401.0
KNDCT3L14P,Spokane,Spokane Valley,WA,99206.0,2023,KIA,NIRO,Battery Electric Vehicle (BEV),Eligibility unknown as battery range has not been researched,0.0,4.0,233306888,POINT (-117.24696 47.65713),BONNEVILLE POWER ADMINISTRATION||VERA IRRIGATION DISTRICT #15,53063012600.0
3FMTK3SU4P,King,Woodinville,WA,98072.0,2023,FORD,MUSTANG MACH-E,Battery Electric Vehicle (BEV),Eligibility unknown as battery range has not been researched,0.0,45.0,261103671,POINT (-122.15545 47.75448),PUGET SOUND ENERGY INC||CITY OF TACOMA - (WA),53033032326.0
5YJ3E1EA8P,King,Mercer Island,WA,98040.0,2023,TESLA,MODEL 3,Battery Electric Vehicle (BEV),Eligibility unknown as battery range has not been researched,0.0,41.0,259090947,POINT (-122.21238 47.57816),PUGET SOUND ENERGY INC||CITY OF TACOMA - (WA),53033024602.0
5YJ3E1EAXM,Pierce,Lakebay,WA,98349.0,2021,TESLA,MODEL 3,Battery Electric Vehicle (BEV),Eligibility unknown as battery range has not been researched,0.0,26.0,140094076,POINT (-122.75746 47.25124),BONNEVILLE POWER ADMINISTRATION||CITY OF TACOMA - (WA)||PENINSULA LIGHT COMPANY,53053072602.0
WMZYU7C45J,King,Seattle,WA,98103.0,2018,MINI,COUNTRYMAN,Plug-in Hybrid Electric Vehicle (PHEV),Not eligible due to low battery range,12.0,36.0,9444473,POINT (-122.35436 47.67596),CITY OF SEATTLE - (WA)|CITY OF TACOMA - (WA),53033002800.0
JN1AZ0CP1B,Thurston,Olympia,WA,98506.0,2011,NISSAN,LEAF,Battery Electric Vehicle (BEV),Clean Alternative Fuel Vehicle Eligible,73.0,22.0,168019890,POINT (-122.87741 47.05997),PUGET SOUND ENERGY INC,53067012100.0
KNDPYDAH7P,Snohomish,Edmonds,WA,98020.0,2023,KIA,SPORTAGE,Plug-in Hybrid Electric Vehicle (PHEV),Clean Alternative Fuel Vehicle Eligible,34.0,32.0,212244280,POINT (-122.37689 47.81116),PUGET SOUND ENERGY INC,53061050502.0
1C4RJYB68R,Spokane,Colbert,WA,99005.0,2024,JEEP,GRAND CHEROKEE,Plug-in Hybrid Electric Vehicle (PHEV),Not eligible due to low battery range,25.0,7.0,266604411,POINT (-117.35414 47.83743),BONNEVILLE POWER ADMINISTRATION||INLAND POWER & LIGHT COMPANY,53063010305.0
2C4RC1S77N,King,Seattle,WA,98144.0,2022,CHRYSLER,PACIFICA,Plug-in Hybrid Electric Vehicle (PHEV),Clean Alternative Fuel Vehicle Eligible,32.0,37.0,192494606,POINT (-122.30866 47.57874),CITY OF SEATTLE - (WA)|CITY OF TACOMA - (WA),53033009500.0
3FMTK2SU2P,Thurston,Tumwater,WA,98501.0,2023,FORD,MUSTANG MACH-E,Battery Electric Vehicle (BEV),Eligibility unknown as battery range has not been researched,0.0,22.0,267134472,POINT (-122.89165 47.03954),PUGET SOUND ENERGY INC,53067010801.0
5YJSA1E25H,Thurston,Olympia,WA,98502.0,2017,TESLA,MODEL S,Battery Electric Vehicle (BEV),Clean Alternative Fuel Vehicle Eligible,210.0,35.0,348965277,POINT (-122.92333 47.03779),PUGET SOUND ENERGY INC,53067011902.0
1G1FZ6S05N,Skagit,Mount Vernon,WA,98274.0,2022,CHEVROLET,BOLT EUV,Battery Electric Vehicle (BEV),Eligibility unknown as battery range has not been researched,0.0,10.0,284132502,POINT (-122.32355 48.41566),PUGET SOUND ENERGY INC,53057952401.0
1G1FX6S06H,Pierce,Gig Harbor,WA,98332.0,2017,CHEVROLET,BOLT EV,Battery Electric Vehicle (BEV),Clean Alternative Fuel Vehicle Eligible,238.0,26.0,349061282,POINT (-122.59044 47.34236),BONNEVILLE POWER ADMINISTRATION||CITY OF TACOMA - (WA)||PENINSULA LIGHT COMPANY,53053072509.0
3FMTK3S55S,Pierce,Lake Tapps,WA,98391.0,2025,FORD,MUSTANG MACH-E,Battery Electric Vehicle (BEV),Eligibility unknown as battery range has not been researched,0.0,31.0,287455248,POINT (-122.17144 47.19175),PUGET SOUND ENERGY INC||CITY OF TACOMA - (WA),53053070314.0
7SAYGDEF8P,King,Sammamish,WA,98074.0,2023,TESLA,MODEL Y,Battery Electric Vehicle (BEV),Eligibility unknown as battery range has not been researched,0.0,45.0,258820222,POINT (-122.02054 47.60326),PUGET SOUND ENERGY INC||CITY OF TACOMA - (WA),53033032216.0
KNDCC3LG9N,Spokane,Spokane,WA,99203.0,2022,KIA,NIRO,Battery Electric Vehicle (BEV),Eligibility unknown as battery range has not been researched,0.0,3.0,205765871,POINT (-117.39322 47.63374),MODERN ELECTRIC WATER COMPANY,53063004500.0
WVWKP7AU4G,King,Bellevue,WA,98006.0,2016,VOLKSWAGEN,E-GOLF,Battery Electric Vehicle (BEV),Clean Alternative Fuel Vehicle Eligible,83.0,41.0,280581801,POINT (-122.12096 47.55584),PUGET SOUND ENERGY INC||CITY OF TACOMA - (WA),53033024901.0
7SAYGDEE8N,King,Seattle,WA,98125.0,2022,TESLA,MODEL Y,Battery Electric Vehicle (BEV),Eligibility unknown as battery range has not been researched,0.0,46.0,187405235,POINT (-122.30253 47.72656),CITY OF SEATTLE - (WA)|CITY OF TACOMA - (WA),53033000102.0
7SAYGDEE9T,King,Bellevue,WA,98008.0,2026,TESLA,MODEL Y,Battery Electric Vehicle (BEV),Eligibility unknown as battery range has not been researched,0.0,48.0,282245827,POINT (-122.11867 47.63131),PUGET SOUND ENERGY INC||CITY OF TACOMA - (WA),53033023202.0
5YJ3E1EBXK,Pierce,Kapowsin,WA,98344.0,2019,TESLA,MODEL 3,Battery Electric Vehicle (BEV),Clean Alternative Fuel Vehicle Eligible,220.0,2.0,252950589,POINT (-122.26635 46.98378),PUGET SOUND ENERGY INC||CITY OF TACOMA - (WA),53053073119.0
WA1F2AFY3R,Kittitas,Ellensburg,WA,98926.0,2024,AUDI,Q5 E,Plug-in Hybrid Electric Vehicle (PHEV),Not eligible due to low battery range,23.0,13.0,273190116,POINT (-120.54872 46.99703),PUGET SOUND ENERGY INC,53037975300.0
WBY1Z2C54E,King,Seattle,WA,98112.0,2014,BMW,I3,Battery Electric Vehicle (BEV),Clean Alternative Fuel Vehicle Eligible,81.0,43.0,245400578,POINT (-122.30207 47.64085),CITY OF SEATTLE - (WA)|CITY OF TACOMA - (WA),53033006300.0
JTDKN3DP2E,King,Seattle,WA,98126.0,2014,TOYOTA,PRIUS,Plug-in Hybrid Electric Vehicle (PHEV),Not eligible due to low battery range,6.0,34.0,232497345,POINT (-122.36893 47.54701),CITY OF SEATTLE - (WA)|CITY OF TACOMA - (WA),53033011401.0
JTMFB3FV5S,King,Seattle,WA,98144.0,2025,TOYOTA,RAV4 PRIME (PHEV),Plug-in Hybrid Electric Vehicle (PHEV),Clean Alternative Fuel Vehicle Eligible,42.0,37.0,282879026,POINT (-122.30866 47.57874),CITY OF SEATTLE - (WA)|CITY OF TACOMA - (WA),53033009500.0
1G1RB6S58H,King,Bellevue,WA,98006.0,2017,CHEVROLET,VOLT,Plug-in Hybrid Electric Vehicle (PHEV),Clean Alternative Fuel Vehicle Eligible,53.0,41.0,227873586,POINT (-122.12096 47.55584),PUGET SOUND ENERGY INC||CITY OF TACOMA - (WA),53033024902.0
KM8HE3A68S,King,Issaquah,WA,98027.0,2025,HYUNDAI,KONA,Battery Electric Vehicle (BEV),Eligibility unknown as battery range has not been researched,0.0,41.0,277832950,POINT (-122.03439 47.5301),PUGET SOUND ENERGY INC||CITY OF TACOMA - (WA),53033032103.0
1FADP5CU4G,King,Seattle,WA,98117.0,2016,FORD,C-MAX,Plug-in Hybrid Electric Vehicle (PHEV),Not eligible due to low battery range,19.0,36.0,235706551,POINT (-122.38418 47.70044),CITY OF SEATTLE - (WA)|CITY OF TACOMA - (WA),53033001500.0
7PDSGBBA6R,King,Seattle,WA,98115.0,2024,RIVIAN,R1S,Battery Electric Vehicle (BEV),Eligibility unknown as battery range has not been researched,0.0,46.0,266590859,POINT (-122.31676 47.68156),CITY OF SEATTLE - (WA)|CITY OF TACOMA - (WA),53033002400.0
KM8HC3A65S,King,Seattle,WA,98105.0,2025,HYUNDAI,KONA,Battery Electric Vehicle (BEV),Eligibility unknown as battery range has not been researched,0.0,46.0,279258570,POINT (-122.31307 47.66127),CITY OF SEATTLE - (WA)|CITY OF TACOMA - (WA),53033004101.0
5YJYGDEE9M,King,Redmond,WA,98053.0,2021,TESLA,MODEL Y,Battery Electric Vehicle (BEV),Eligibility unknown as battery range has not been researched,0.0,45.0,139759973,POINT (-122.03287 47.68555),PUGET SOUND ENERGY INC||CITY OF TACOMA - (WA),53033032328.0
7SAYGDEEXP,King,Woodinville,WA,98072.0,2023,TESLA,MODEL Y,Battery Electric Vehicle (BEV),Eligibility unknown as battery range has not been researched,0.0,45.0,232867729,POINT (-122.15545 47.75448),PUGET SOUND ENERGY INC||CITY OF TACOMA - (WA),53033021906.0
WBY73AW03P,King,Seattle,WA,98103.0,2023,BMW,I4,Battery Electric Vehicle (BEV),Eligibility unknown as battery range has not been researched,0.0,43.0,227386582,POINT (-122.35436 47.67596),CITY OF SEATTLE - (WA)|CITY OF TACOMA - (WA),53033005100.0
JTDKARFP4J,King,Seattle,WA,98105.0,2018,TOYOTA,PRIUS PRIME (PHEV),Plug-in Hybrid Electric Vehicle (PHEV),Not eligible due to low battery range,25.0,43.0,476355330,POINT (-122.31307 47.66127),CITY OF SEATTLE - (WA)|CITY OF TACOMA - (WA),53033005305.0
WBY73AW05P,King,Bellevue,WA,98008.0,2023,BMW,I4,Battery Electric Vehicle (BEV),Eligibility unknown as battery range has not been researched,0.0,48.0,236620310,POINT (-122.11867 47.63131),PUGET SOUND ENERGY INC||CITY OF TACOMA - (WA),53033023403.0
7SAYGDEE5R,Pierce,Gig Harbor,WA,98335.0,2024,TESLA,MODEL Y,Battery Electric Vehicle (BEV),Eligibility unknown as battery range has not been researched,0.0,26.0,280459168,POINT (-122.58009 47.328),BONNEVILLE POWER ADMINISTRATION||CITY OF TACOMA - (WA)||PENINSULA LIGHT COMPANY,53053072408.0
1G1FW6S02H,King,Maple Valley,WA,98038.0,2017,CHEVROLET,BOLT EV,Battery Electric Vehicle (BEV),Clean Alternative Fuel Vehicle Eligible,238.0,5.0,184497610,POINT (-122.04526 47.39394),PUGET SOUND ENERGY INC||CITY OF TACOMA - (WA),53033032010.0
JTMABACA8P,King,Bellevue,WA,98005.0,2023,TOYOTA,BZ4X,Battery Electric Vehicle (BEV),Eligibility unknown as battery range has not been researched,0.0,48.0,273705442,POINT (-122.1621 47.64441),PUGET SOUND ENERGY INC||CITY OF TACOMA - (WA),53033022805.0
5YJYGDEE8L,Pierce,Tacoma,WA,98406.0,2020,TESLA,MODEL Y,Battery Electric Vehicle (BEV),Clean Alternative Fuel Vehicle Eligible,291.0,28.0,112060812,POINT (-122.52082 47.26887),BONNEVILLE POWER ADMINISTRATION||CITY OF TACOMA - (WA)||PENINSULA LIGHT COMPANY,53053061001.0
2C4RC1N74L,King,Seattle,WA,98178.0,2020,CHRYSLER,PACIFICA,Plug-in Hybrid Electric Vehicle (PHEV),Clean Alternative Fuel Vehicle Eligible,32.0,37.0,133699394,POINT (-122.23825 47.49461),PUGET SOUND ENERGY INC||CITY OF TACOMA - (WA),53033026001.0
1G1RB6S59J,King,Issaquah,WA,98027.0,2018,CHEVROLET,VOLT,Plug-in Hybrid Electric Vehicle (PHEV),Clean Alternative Fuel Vehicle Eligible,53.0,5.0,221798552,POINT (-122.03439 47.5301),PUGET SOUND ENERGY INC||CITY OF TACOMA - (WA),53033031904.0
1G1FY6S06L,Whatcom,Bellingham,WA,98225.0,2020,CHEVROLET,BOLT EV,Battery Electric Vehicle (BEV),Clean Alternative Fuel Vehicle Eligible,259.0,40.0,144598926,POINT (-122.47091 48.75256),PUGET SOUND ENERGY INC||PUD NO 1 OF WHATCOM COUNTY,53073001203.0
7SAXCAE54T,Pierce,Gig Harbor,WA,98332.0,2026,TESLA,MODEL X,Battery Electric Vehicle (BEV),Eligibility unknown as battery range has not been researched,0.0,26.0,286410330,POINT (-122.59044 47.34236),BONNEVILLE POWER ADMINISTRATION||CITY OF TACOMA - (WA)||PENINSULA LIGHT COMPANY,53053072509.0
5YJSA1E29G,Clark,Vancouver,WA,98683.0,2016,TESLA,MODEL S,Battery Electric Vehicle (BEV),Clean Alternative Fuel Vehicle Eligible,210.0,18.0,205466677,POINT (-122.49212 45.60365),BONNEVILLE POWER ADMINISTRATION||PUD NO 1 OF CLARK COUNTY - (WA),53011041325.0
7SAYGDEE0P,King,Bellevue,WA,98007.0,2023,TESLA,MODEL Y,Battery Electric Vehicle (BEV),Eligibility unknown as battery range has not been researched,0.0,48.0,233005853,POINT (-122.12056 47.61334),PUGET SOUND ENERGY INC||CITY OF TACOMA - (WA),53033023603.0
KNDCM3LD3L,King,Seattle,WA,98133.0,2020,KIA,NIRO,Plug-in Hybrid Electric Vehicle (PHEV),Not eligible due to low battery range,26.0,32.0,154002691,POINT (-122.34477 47.75744),CITY OF SEATTLE - (WA)|CITY OF TACOMA - (WA),53033000402.0
1N4CZ1CV8S,Spokane,Spokane,WA,99223.0,2025,NISSAN,LEAF,Battery Electric Vehicle (BEV),Eligibility unknown as battery range has not been researched,0.0,3.0,281308744,POINT (-117.36043 47.63396),MODERN ELECTRIC WATER COMPANY,53063004601.0
3FA6P0SU5K,Grant,Moses Lake,WA,98837.0,2019,FORD,FUSION,Plug-in Hybrid Electric Vehicle (PHEV),Not eligible due to low battery range,26.0,13.0,327040353,POINT (-119.2771 47.13196),PUD NO 2 OF GRANT COUNTY,53025011200.0
1G1FY6S05M,King,Seattle,WA,98112.0,2021,CHEVROLET,BOLT EV,Battery Electric Vehicle (BEV),Eligibility unknown as battery range has not been researched,0.0,37.0,270062705,POINT (-122.30207 47.64085),CITY OF SEATTLE - (WA)|CITY OF TACOMA - (WA),53033007700.0
7SAYGAEE6N,Grant,Moses Lake,WA,98837.0,2022,TESLA,MODEL Y,Battery Electric Vehicle (BEV),Eligibility unknown as battery range has not been researched,0.0,13.0,283138887,POINT (-119.2771 47.13196),PUD NO 2 OF GRANT COUNTY,53025011002.0
WP1AE2A24H,Kitsap,Bainbridge Island,WA,98110.0,2017,PORSCHE,CAYENNE,Plug-in Hybrid Electric Vehicle (PHEV),Not eligible due to low battery range,14.0,23.0,348091719,POINT (-122.521 47.62732),PUGET SOUND ENERGY INC,53035090800.0
WBY33HD04S,King,Bellevue,WA,98004.0,2025,BMW,I4,Battery Electric Vehicle (BEV),Eligibility unknown as battery range has not been researched,0.0,41.0,283267470,POINT (-122.1872 47.61001),PUGET SOUND ENERGY INC||CITY OF TACOMA - (WA),53033023902.0
7SAYGDEEXN,Pierce,Puyallup,WA,98372.0,2022,TESLA,MODEL Y,Battery Electric Vehicle (BEV),Eligibility unknown as battery range has not been researched,0.0,25.0,286698464,POINT (-122.29109 47.23693),PUGET SOUND ENERGY INC||CITY OF TACOMA - (WA),53053940010.0
1G1FY6S00P,King,Shoreline,WA,98155.0,2023,CHEVROLET,BOLT EUV,Battery Electric Vehicle (BEV),Eligibility unknown as battery range has not been researched,0.0,32.0,262003297,POINT (-122.27794 47.75462),CITY OF SEATTLE - (WA)|CITY OF TACOMA - (WA),53033020500.0
ZACPDFCW1R,King,Tukwila,WA,98188.0,2024,DODGE,HORNET,Plug-in Hybrid Electric Vehicle (PHEV),Clean Alternative Fuel Vehicle Eligible,32.0,11.0,261770288,POINT (-122.27979 47.44952),PUGET SOUND ENERGY INC||CITY OF TACOMA - (WA),53033028200.0
KM8KNDA81S,King,Seattle,WA,98122.0,2025,HYUNDAI,IONIQ 5 N,Battery Electric Vehicle (BEV),Eligibility unknown as battery range has not been researched,0.0,43.0,268632717,POINT (-122.31009 47.60803),CITY OF SEATTLE - (WA)|CITY OF TACOMA - (WA),53033007502.0
1V2WNPE82P,Snohomish,Lynnwood,WA,98087.0,2023,VOLKSWAGEN,ID.4,Battery Electric Vehicle (BEV),Eligibility unknown as battery range has not been researched,0.0,21.0,249782704,POINT (-122.27981 47.85727),PUGET SOUND ENERGY INC,53061042004.0
3GN7DLRR5R,Spokane,Colbert,WA,99005.0,2024,CHEVROLET,EQUINOX,Battery Electric Vehicle (BEV),Eligibility unknown as battery range has not been researched,0.0,7.0,274915826,POINT (-117.35414 47.83743),BONNEVILLE POWER ADMINISTRATION||INLAND POWER & LIGHT COMPANY,53063010305.0
KNDCC3LG1K,King,Kenmore,WA,98028.0,2019,KIA,NIRO,Battery Electric Vehicle (BEV),Clean Alternative Fuel Vehicle Eligible,239.0,46.0,101726768,POINT (-122.24369 47.75892),PUGET SOUND ENERGY INC||CITY OF TACOMA - (WA),53033021701.0
JTMEB3FV2M,King,Kirkland,WA,98033.0,2021,TOYOTA,RAV4 PRIME (PHEV),Plug-in Hybrid Electric Vehicle (PHEV),Clean Alternative Fuel Vehicle Eligible,42.0,48.0,256317204,POINT (-122.2066 47.67887),PUGET SOUND ENERGY INC||CITY OF TACOMA - (WA),53033022501.0
4JGGM2CB8P,King,Kirkland,WA,98034.0,2023,MERCEDES-BENZ,EQE-CLASS SUV,Battery Electric Vehicle (BEV),Eligibility unknown as battery range has not been researched,0.0,45.0,251654833,POINT (-122.22901 47.72201),PUGET SOUND ENERGY INC||CITY OF TACOMA - (WA),53033021903.0
JTDKARFP8K,Clallam,Sequim,WA,98382.0,2019,TOYOTA,PRIUS PRIME (PHEV),Plug-in Hybrid Electric Vehicle (PHEV),Not eligible due to low battery range,25.0,24.0,273982201,POINT (-123.10367 48.07965),BONNEVILLE POWER ADMINISTRATION||PUD NO 1 OF CLALLAM COUNTY,53009002002.0
3GN7DLRP0R,Snohomish,Marysville,WA,98270.0,2024,CHEVROLET,EQUINOX,Battery Electric Vehicle (BEV),Eligibility unknown as battery range has not been researched,0.0,39.0,271189145,POINT (-122.1769 48.06114),PUGET SOUND ENERGY INC,53061052709.0
5YJYGDEE1M,King,Auburn,WA,98092.0,2021,TESLA,MODEL Y,Battery Electric Vehicle (BEV),Eligibility unknown as battery range has not been researched,0.0,47.0,251036943,POINT (-122.18497 47.28825),PUGET SOUND ENERGY INC||CITY OF TACOMA - (WA),53033031206.0
7SAYGAEEXR,Clark,Vancouver,WA,98682.0,2024,TESLA,MODEL Y,Battery Electric Vehicle (BEV),Eligibility unknown as battery range has not been researched,0.0,17.0,262675920,POINT (-122.55149 45.69345),BONNEVILLE POWER ADMINISTRATION||PUD NO 1 OF CLARK COUNTY - (WA),53011040604.0
1N4BZ0CP7H,Snohomish,Snohomish,WA,98296.0,2017,NISSAN,LEAF,Battery Electric Vehicle (BEV),Clean Alternative Fuel Vehicle Eligible,107.0,1.0,218277006,POINT (-122.1389 47.87115),PUGET SOUND ENERGY INC,53061052122.0
5YJ3E1EA8J,King,Redmond,WA,98052.0,2018,TESLA,MODEL 3,Battery Electric Vehicle (BEV),Clean Alternative Fuel Vehicle Eligible,215.0,48.0,304275205,POINT (-122.13158 47.67858),PUGET SOUND ENERGY INC||CITY OF TACOMA - (WA),53033022802.0
5YJ3E1ET8S,Clark,Ridgefield,WA,98642.0,2025,TESLA,MODEL 3,Battery Electric Vehicle (BEV),Eligibility unknown as battery range has not been researched,0.0,18.0,276484225,POINT (-122.74595 45.81539),BONNEVILLE POWER ADMINISTRATION||PUD NO 1 OF CLARK COUNTY - (WA),53011040304.0
7SAYGDEE8T,Kitsap,Port Orchard,WA,98367.0,2026,TESLA,MODEL Y,Battery Electric Vehicle (BEV),Eligibility unknown as battery range has not been researched,0.0,26.0,283379134,POINT (-122.70348 47.52028),PUGET SOUND ENERGY INC,53035092801.0
7SAYGDEE9P,King,Redmond,WA,98052.0,2023,TESLA,MODEL Y,Battery Electric Vehicle (BEV),Eligibility unknown as battery range has not been researched,0.0,48.0,277946266,POINT (-122.13158 47.67858),PUGET SOUND ENERGY INC||CITY OF TACOMA - (WA),53033022803.0
5YJ3E1EA1M,Snohomish,Edmonds,WA,98026.0,2021,TESLA,MODEL 3,Battery Electric Vehicle (BEV),Eligibility unknown as battery range has not been researched,0.0,32.0,161627238,POINT (-122.31768 47.87166),PUGET SOUND ENERGY INC,53061050800.0
3GPKHXRJ0S,King,Sammamish,WA,98074.0,2025,HONDA,PROLOGUE,Battery Electric Vehicle (BEV),Eligibility unknown as battery range has not been researched,0.0,45.0,284562505,POINT (-122.02054 47.60326),PUGET SOUND ENERGY INC||CITY OF TACOMA - (WA),53033032316.0
KNDCC3LG4N,King,Seattle,WA,98103.0,2022,KIA,NIRO,Battery Electric Vehicle (BEV),Eligibility unknown as battery range has not been researched,0.0,36.0,263264067,POINT (-122.35436 47.67596),CITY OF SEATTLE - (WA)|CITY OF TACOMA - (WA),53033001701.0
1G1FW6S02N,King,Seattle,WA,98117.0,2022,CHEVROLET,BOLT EV,Battery Electric Vehicle (BEV),Eligibility unknown as battery range has not been researched,0.0,36.0,168536686,POINT (-122.38418 47.70044),CITY OF SEATTLE - (WA)|CITY OF TACOMA - (WA),53033003100.0
7SAYGDEE9P,Snohomish,Lynnwood,WA,98087.0,2023,TESLA,MODEL Y,Battery Electric Vehicle (BEV),Eligibility unknown as battery range has not been researched,0.0,21.0,236617279,POINT (-122.27981 47.85727),PUGET SOUND ENERGY INC,53061041703.0
5YJ3E1EA6P,Thurston,Lacey,WA,98513.0,2023,TESLA,MODEL 3,Battery Electric Vehicle (BEV),Eligibility unknown as battery range has not been researched,0.0,22.0,261062287,POINT (-122.81754 46.98876),PUGET SOUND ENERGY INC,53067011622.0
7SAYGDEE8P,King,Mercer Island,WA,98040.0,2023,TESLA,MODEL Y,Battery Electric Vehicle (BEV),Eligibility unknown as battery range has not been researched,0.0,41.0,252671233,POINT (-122.21238 47.57816),PUGET SOUND ENERGY INC||CITY OF TACOMA - (WA),53033024602.0
KNDC4DLCXR,King,Sammamish,WA,98075.0,2024,KIA,EV6,Battery Electric Vehicle (BEV),Eligibility unknown as battery range has not been researched,0.0,41.0,268337744,POINT (-122.03539 47.61344),PUGET SOUND ENERGY INC||CITY OF TACOMA - (WA),53033032207.0
3FMTK3SS9N,Snohomish,Everett,WA,98203.0,2022,FORD,MUSTANG MACH-E,Battery Electric Vehicle (BEV),Eligibility unknown as battery range has not been researched,0.0,38.0,207346310,POINT (-122.23019 47.94949),PUGET SOUND ENERGY INC,53061041201.0
7SAYGDEE0P,Snohomish,Everett,WA,98208.0,2023,TESLA,MODEL Y,Battery Electric Vehicle (BEV),Eligibility unknown as battery range has not been researched,0.0,44.0,262141057,POINT (-122.18637 47.89251),PUGET SOUND ENERGY INC,53061041607.0
7SAYGDEE2T,Thurston,Lacey,WA,98516.0,2026,TESLA,MODEL Y,Battery Electric Vehicle (BEV),Eligibility unknown as battery range has not been researched,0.0,22.0,285074226,POINT (-122.74743 47.08211),PUGET SOUND ENERGY INC,53067012226.0
1V2WNPE88P,King,Shoreline,WA,98177.0,2023,VOLKSWAGEN,ID.4,Battery Electric Vehicle (BEV),Eligibility unknown as battery range has not been researched,0.0,32.0,285998429,POINT (-122.36498 47.72238),CITY OF SEATTLE - (WA)|CITY OF TACOMA - (WA),53033020800.0
JN1BF0BA0P,King,Duvall,WA,98019.0,2023,NISSAN,ARIYA HATCHBACK,Battery Electric Vehicle (BEV),Eligibility unknown as battery range has not been researched,0.0,45.0,240578579,POINT (-121.98609 47.74068),PUGET SOUND ENERGY INC||CITY OF TACOMA - (WA),53033032402.0
JTMFB3FVXS,Skagit,Anacortes,WA,98221.0,2025,TOYOTA,RAV4 PRIME (PHEV),Plug-in Hybrid Electric Vehicle (PHEV),Clean Alternative Fuel Vehicle Eligible,42.0,40.0,281379269,POINT (-122.61216 48.51749),PUGET SOUND ENERGY INC,53057940201.0
5YJ3E1EA4P,Snohomish,Everett,WA,98203.0,2023,TESLA,MODEL 3,Battery Electric Vehicle (BEV),Eligibility unknown as battery range has not been researched,0.0,38.0,244534167,POINT (-122.23019 47.94949),PUGET SOUND ENERGY INC,53061041304.0
WBY73AW08P,Snohomish,Lynnwood,WA,98036.0,2023,BMW,I4,Battery Electric Vehicle (BEV),Eligibility unknown as battery range has not been researched,0.0,32.0,286628709,POINT (-122.29245 47.82557),PUGET SOUND ENERGY INC,53061051930.0
1C4RJXR65R,King,Renton,WA,98057.0,2024,JEEP,WRANGLER,Plug-in Hybrid Electric Vehicle (PHEV),Not eligible due to low battery range,21.0,11.0,266888667,POINT (-122.20489 47.47532),PUGET SOUND ENERGY INC||CITY OF TACOMA - (WA),53033026200.0
1G1FW6S03P,Skagit,Anacortes,WA,98221.0,2023,CHEVROLET,BOLT EV,Battery Electric Vehicle (BEV),Eligibility unknown as battery range has not been researched,0.0,40.0,232923617,POINT (-122.61216 48.51749),NO KNOWN ELECTRIC UTILITY SERVICE,53057950100.0
5YJXCDE26L,Kitsap,Bremerton,WA,98312.0,2020,TESLA,MODEL X,Battery Electric Vehicle (BEV),Clean Alternative Fuel Vehicle Eligible,289.0,35.0,8999539,POINT (-122.65223 47.57192),PUGET SOUND ENERGY INC,53035080600.0
7SAYGDEE2R,King,Bellevue,WA,98006.0,2024,TESLA,MODEL Y,Battery Electric Vehicle (BEV),Eligibility unknown as battery range has not been researched,0.0,41.0,261609638,POINT (-122.12096 47.55584),PUGET SOUND ENERGY INC||CITY OF TACOMA - (WA),53033025007.0
7SAYGDED6S,King,Shoreline,WA,98133.0,2025,TESLA,MODEL Y,Battery Electric Vehicle (BEV),Eligibility unknown as battery range has not been researched,0.0,32.0,277350328,POINT (-122.34477 47.75744),CITY OF SEATTLE - (WA)|CITY OF TACOMA - (WA),53033020301.0
1N4AZ1CP5J,Snohomish,Bothell,WA,98021.0,2018,NISSAN,LEAF,Battery Electric Vehicle (BEV),Clean Alternative Fuel Vehicle Eligible,151.0,1.0,475733142,POINT (-122.18384 47.8031),PUGET SOUND ENERGY INC,53061051937.0
5YJ3E1EB2N,Spokane,Spokane,WA,99205.0,2022,TESLA,MODEL 3,Battery Electric Vehicle (BEV),Eligibility unknown as battery range has not been researched,0.0,6.0,279277155,POINT (-117.45674 47.69963),BONNEVILLE POWER ADMINISTRATION||AVISTA CORP||INLAND POWER & LIGHT COMPANY,53063000900.0
KNDCR3L15R,Kitsap,Silverdale,WA,98383.0,2024,KIA,NIRO,Battery Electric Vehicle (BEV),Eligibility unknown as battery range has not been researched,0.0,23.0,280789617,POINT (-122.69275 47.65171),PUGET SOUND ENERGY INC,53035090400.0
5YJ3E1EB8L,King,Kent,WA,98030.0,2020,TESLA,MODEL 3,Battery Electric Vehicle (BEV),Clean Alternative Fuel Vehicle Eligible,322.0,33.0,8630296,POINT (-122.224 47.37943),PUGET SOUND ENERGY INC||CITY OF TACOMA - (WA),53033029702.0
3GN7DLRP9S,Thurston,Tumwater,WA,98501.0,2025,CHEVROLET,EQUINOX,Battery Electric Vehicle (BEV),Eligibility unknown as battery range has not been researched,0.0,22.0,280370772,POINT (-122.89165 47.03954),PUGET SOUND ENERGY INC,53067011821.0
1FADP5CU8E,Thurston,Olympia,WA,98501.0,2014,FORD,C-MAX,Plug-in Hybrid Electric Vehicle (PHEV),Not eligible due to low battery range,19.0,22.0,193660729,POINT (-122.89165 47.03954),PUGET SOUND ENERGY INC,53067010100.0
7SAYGDEE0R,Douglas,East Wenatchee,WA,98802.0,2024,TESLA,MODEL Y,Battery Electric Vehicle (BEV),Eligibility unknown as battery range has not been researched,0.0,12.0,269515389,POINT (-120.29473 47.41515),PUD NO 1 OF DOUGLAS COUNTY,53017950300.0
7SAYGDEE7R,King,Bellevue,WA,98005.0,2024,TESLA,MODEL Y,Battery Electric Vehicle (BEV),Eligibility unknown as battery range has not been researched,0.0,48.0,261447784,POINT (-122.1621 47.64441),PUGET SOUND ENERGY INC||CITY OF TACOMA - (WA),53033023701.0
KM8S7DA25N,King,Seattle,WA,98103.0,2022,HYUNDAI,SANTA FE,Plug-in Hybrid Electric Vehicle (PHEV),Clean Alternative Fuel Vehicle Eligible,31.0,36.0,182488757,POINT (-122.35436 47.67596),CITY OF SEATTLE - (WA)|CITY OF TACOMA - (WA),53033001300.0
JN1AZ0CP9B,Snohomish,Everett,WA,98208.0,2011,NISSAN,LEAF,Battery Electric Vehicle (BEV),Clean Alternative Fuel Vehicle Eligible,73.0,38.0,159050510,POINT (-122.18637 47.89251),PUGET SOUND ENERGY INC,53061041701.0
YV4ED3UM4P,Kitsap,Bainbridge Island,WA,98110.0,2023,VOLVO,XC40,Battery Electric Vehicle (BEV),Eligibility unknown as battery range has not been researched,0.0,23.0,249732598,POINT (-122.521 47.62732),PUGET SOUND ENERGY INC,53035091001.0
1GYC3NML5T,Spokane,Cheney,WA,99004.0,2026,CADILLAC,VISTIQ,Battery Electric Vehicle (BEV),Eligibility unknown as battery range has not been researched,0.0,6.0,286753176,POINT (-117.57445 47.48928),BONNEVILLE POWER ADMINISTRATION||AVISTA CORP||INLAND POWER & LIGHT COMPANY,53063013501.0
5YJSA1E27J,King,Shoreline,WA,98177.0,2018,TESLA,MODEL S,Battery Electric Vehicle (BEV),Clean Alternative Fuel Vehicle Eligible,249.0,32.0,279657619,POINT (-122.36498 47.72238),CITY OF SEATTLE - (WA)|CITY OF TACOMA - (WA),53033020900.0
7SAYGDEF7P,King,Woodinville,WA,98072.0,2023,TESLA,MODEL Y,Battery Electric Vehicle (BEV),Eligibility unknown as battery range has not been researched,0.0,45.0,252224500,POINT (-122.15545 47.75448),PUGET SOUND ENERGY INC||CITY OF TACOMA - (WA),53033032320.0
1G1FY6S03P,King,Bellevue,WA,98005.0,2023,CHEVROLET,BOLT EUV,Battery Electric Vehicle (BEV),Eligibility unknown as battery range has not been researched,0.0,48.0,228044442,POINT (-122.1621 47.64441),PUGET SOUND ENERGY INC||CITY OF TACOMA - (WA),53033023701.0
7YAKNDDC7S,King,Seattle,WA,98116.0,2025,HYUNDAI,IONIQ 5,Battery Electric Vehicle (BEV),Eligibility unknown as battery range has not been researched,0.0,34.0,281558217,POINT (-122.41067 47.57894),CITY OF SEATTLE - (WA)|CITY OF TACOMA - (WA),53033010501.0
7SAYGDEE4T,Benton,Richland,WA,99352.0,2026,TESLA,MODEL Y,Battery Electric Vehicle (BEV),Eligibility unknown as battery range has not been researched,0.0,8.0,286703063,POINT (-119.27372 46.27391),BONNEVILLE POWER ADMINISTRATION||CITY OF RICHLAND - (WA),53005010811.0
5YJYGDEF1M,Pierce,Carbonado,WA,98323.0,2021,TESLA,MODEL Y,Battery Electric Vehicle (BEV),Eligibility unknown as battery range has not been researched,0.0,31.0,147120718,POINT (-122.04745 47.08041),PUGET SOUND ENERGY INC||CITY OF TACOMA - (WA),53053070206.0
5UX43EU0XR,Benton,Kennewick,WA,99336.0,2024,BMW,X5,Plug-in Hybrid Electric Vehicle (PHEV),Clean Alternative Fuel Vehicle Eligible,39.0,8.0,252688929,POINT (-119.11698 46.20837),BONNEVILLE POWER ADMINISTRATION||PUD NO 1 OF BENTON COUNTY,53005010809.0
3GNKDCRJ8R,King,Seattle,WA,98103.0,2024,CHEVROLET,BLAZER,Battery Electric Vehicle (BEV),Eligibility unknown as battery range has not been researched,0.0,46.0,271699585,POINT (-122.35436 47.67596),CITY OF SEATTLE - (WA)|CITY OF TACOMA - (WA),53033002700.0
5YJ3E1EAXJ,King,Kirkland,WA,98033.0,2018,TESLA,MODEL 3,Battery Electric Vehicle (BEV),Clean Alternative Fuel Vehicle Eligible,215.0,45.0,4986026,POINT (-122.2066 47.67887),PUGET SOUND ENERGY INC||CITY OF TACOMA - (WA),53033022502.0
50EA1TEA1S,Clark,Camas,WA,98607.0,2025,LUCID,AIR,Battery Electric Vehicle (BEV),Eligibility unknown as battery range has not been researched,0.0,18.0,282930693,POINT (-122.40199 45.58694),BONNEVILLE POWER ADMINISTRATION||PUD NO 1 OF CLARK COUNTY - (WA),53011040608.0
3FMTK3SU2R,Snohomish,Arlington,WA,98223.0,2024,FORD,MUSTANG MACH-E,Battery Electric Vehicle (BEV),Eligibility unknown as battery range has not been researched,0.0,39.0,273745622,POINT (-122.1264 48.19471),BONNEVILLE POWER ADMINISTRATION||PUD 1 OF SNOHOMISH COUNTY,53061053507.0
5YJ3E1EA8P,Spokane,Spokane,WA,99223.0,2023,TESLA,MODEL 3,Battery Electric Vehicle (BEV),Eligibility unknown as battery range has not been researched,0.0,6.0,256168160,POINT (-117.36043 47.63396),BONNEVILLE POWER ADMINISTRATION||AVISTA CORP||INLAND POWER & LIGHT COMPANY,53063004900.0
1N4BZ1DV3M,King,Seattle,WA,98115.0,2021,NISSAN,LEAF,Battery Electric Vehicle (BEV),Eligibility unknown as battery range has not been researched,0.0,46.0,264844835,POINT (-122.31676 47.68156),CITY OF SEATTLE - (WA)|CITY OF TACOMA - (WA),53033002100.0
2C4RC1S76R,Snohomish,Everett,WA,98204.0,2024,CHRYSLER,PACIFICA,Plug-in Hybrid Electric Vehicle (PHEV),Clean Alternative Fuel Vehicle Eligible,32.0,38.0,272556546,POINT (-122.27557 47.88936),PUGET SOUND ENERGY INC,53061041906.0
1V2JNPE89P,Snohomish,Everett,WA,98208.0,2023,VOLKSWAGEN,ID.4,Battery Electric Vehicle (BEV),Eligibility unknown as battery range has not been researched,0.0,44.0,281575206,POINT (-122.18637 47.89251),PUGET SOUND ENERGY INC,53061041605.0
7JDE23VL8S,Pierce,Roy,WA,98580.0,2025,VOLVO,EX90,Battery Electric Vehicle (BEV),Eligibility unknown as battery range has not been researched,0.0,2.0,284757861,POINT (-122.54332 47.00328),BONNEVILLE POWER ADMINISTRATION||CITY OF TACOMA - (WA)||PENINSULA LIGHT COMPANY,53053073001.0
W1NKM5GB5S,King,Bellevue,WA,98006.0,2025,MERCEDES-BENZ,GLC-CLASS,Plug-in Hybrid Electric Vehicle (PHEV),Clean Alternative Fuel Vehicle Eligible,54.0,41.0,285805789,POINT (-122.12096 47.55584),PUGET SOUND ENERGY INC||CITY OF TACOMA - (WA),53033025001.0
1FADP5CU7D,Lewis,Chehalis,WA,98532.0,2013,FORD,C-MAX,Plug-in Hybrid Electric Vehicle (PHEV),Not eligible due to low battery range,19.0,20.0,169609030,POINT (-122.96462 46.6621),PUGET SOUND ENERGY INC||CITY OF TACOMA - (WA),53041971400.0
KNDC5DLE6R,Snohomish,Bothell,WA,98021.0,2024,KIA,EV6,Battery Electric Vehicle (BEV),Eligibility unknown as battery range has not been researched,0.0,1.0,265607492,POINT (-122.18384 47.8031),PUGET SOUND ENERGY INC,53061051916.0
5YJSA1E41M,Clark,Vancouver,WA,98685.0,2021,TESLA,MODEL S,Battery Electric Vehicle (BEV),Eligibility unknown as battery range has not been researched,0.0,18.0,276671153,POINT (-122.70303 45.70954),BONNEVILLE POWER ADMINISTRATION||PUD NO 1 OF CLARK COUNTY - (WA),53011040907.0
1N4AZ1CP6L,King,Seattle,WA,98115.0,2020,NISSAN,LEAF,Battery Electric Vehicle (BEV),Clean Alternative Fuel Vehicle Eligible,149.0,46.0,179099504,POINT (-122.31676 47.68156),CITY OF SEATTLE - (WA)|CITY OF TACOMA - (WA),53033002400.0
1G1FX6S06P,King,Seattle,WA,98199.0,2023,CHEVROLET,BOLT EV,Battery Electric Vehicle (BEV),Eligibility unknown as battery range has not been researched,0.0,36.0,271759302,POINT (-122.40092 47.65908),CITY OF SEATTLE - (WA)|CITY OF TACOMA - (WA),53033005801.0
JN8BF0BEXS,King,Redmond,WA,98053.0,2025,NISSAN,ARIYA MPV,Battery Electric Vehicle (BEV),Eligibility unknown as battery range has not been researched,0.0,45.0,282405203,POINT (-122.03287 47.68555),PUGET SOUND ENERGY INC||CITY OF TACOMA - (WA),53033032333.0
5YJYGDEE6M,Pierce,Bonney Lake,WA,98391.0,2021,TESLA,MODEL Y,Battery Electric Vehicle (BEV),Eligibility unknown as battery range has not been researched,0.0,31.0,284445913,POINT (-122.17144 47.19175),PUGET SOUND ENERGY INC||CITY OF TACOMA - (WA),53053070312.0
5YJ3E1EA9S,Snohomish,Lynnwood,WA,98037.0,2025,TESLA,MODEL 3,Battery Electric Vehicle (BEV),Eligibility unknown as battery range has not been researched,0.0,32.0,274990635,POINT (-122.27734 47.83785),PUGET SOUND ENERGY INC,53061051802.0
5YJSA1E2XL,King,Seattle,WA,98121.0,2020,TESLA,MODEL S,Battery Electric Vehicle (BEV),Clean Alternative Fuel Vehicle Eligible,330.0,36.0,100777827,POINT (-122.34468 47.61578),CITY OF SEATTLE - (WA)|CITY OF TACOMA - (WA),53033008003.0
7SAXCAE55N,King,Bellevue,WA,98004.0,2022,TESLA,MODEL X,Battery Electric Vehicle (BEV),Eligibility unknown as battery range has not been researched,0.0,41.0,267166392,POINT (-122.1872 47.61001),PUGET SOUND ENERGY INC||CITY OF TACOMA - (WA),53033023902.0
5YJ3E1EBXJ,King,Renton,WA,98058.0,2018,TESLA,MODEL 3,Battery Electric Vehicle (BEV),Clean Alternative Fuel Vehicle Eligible,215.0,11.0,274771556,POINT (-122.08747 47.4466),PUGET SOUND ENERGY INC||CITY OF TACOMA - (WA),53033025702.0
WA1LAAGE9K,Pierce,Gig Harbor,WA,98335.0,2019,AUDI,E-TRON,Battery Electric Vehicle (BEV),Clean Alternative Fuel Vehicle Eligible,204.0,26.0,157456554,POINT (-122.58009 47.328),BONNEVILLE POWER ADMINISTRATION||CITY OF TACOMA - (WA)||PENINSULA LIGHT COMPANY,53053072507.0
7SAYGDED2T,Whatcom,Bellingham,WA,98229.0,2026,TESLA,MODEL Y,Battery Electric Vehicle (BEV),Eligibility unknown as battery range has not been researched,0.0,40.0,280440513,POINT (-122.45486 48.7449),PUGET SOUND ENERGY INC||PUD NO 1 OF WHATCOM COUNTY,53073000809.0
WVWKR7AU1K,Snohomish,Edmonds,WA,98026.0,2019,VOLKSWAGEN,E-GOLF,Battery Electric Vehicle (BEV),Clean Alternative Fuel Vehicle Eligible,125.0,32.0,338429752,POINT (-122.31768 47.87166),PUGET SOUND ENERGY INC,53061050800.0
1FMCU0LZ4N,Spokane,Spokane,WA,99224.0,2022,FORD,ESCAPE,Plug-in Hybrid Electric Vehicle (PHEV),Clean Alternative Fuel Vehicle Eligible,38.0,6.0,220345898,POINT (-117.46996 47.59431),BONNEVILLE POWER ADMINISTRATION||AVISTA CORP||INLAND POWER & LIGHT COMPANY,53063013503.0
3FA6P0PU5D,Snohomish,Lake Stevens,WA,98258.0,2013,FORD,FUSION,Plug-in Hybrid Electric Vehicle (PHEV),Not eligible due to low battery range,19.0,44.0,134487881,POINT (-122.06402 48.01497),PUGET SOUND ENERGY INC,53061052606.0
WA1M2BFZ4P,King,Seattle,WA,98115.0,2023,AUDI,Q4,Battery Electric Vehicle (BEV),Eligibility unknown as battery range has not been researched,0.0,46.0,241551810,POINT (-122.31676 47.68156),CITY OF SEATTLE - (WA)|CITY OF TACOMA - (WA),53033004202.0
5YJSA1E28J,King,Seattle,WA,98122.0,2018,TESLA,MODEL S,Battery Electric Vehicle (BEV),Clean Alternative Fuel Vehicle Eligible,249.0,43.0,278008223,POINT (-122.31009 47.60803),CITY OF SEATTLE - (WA)|CITY OF TACOMA - (WA),53033008401.0
1FT6W5L75R,King,Seattle,WA,98115.0,2024,FORD,F-150,Battery Electric Vehicle (BEV),Eligibility unknown as battery range has not been researched,0.0,46.0,274267486,POINT (-122.31676 47.68156),CITY OF SEATTLE - (WA)|CITY OF TACOMA - (WA),53033003900.0
WVWPR7AU9K,Kitsap,Bremerton,WA,98310.0,2019,VOLKSWAGEN,E-GOLF,Battery Electric Vehicle (BEV),Clean Alternative Fuel Vehicle Eligible,125.0,23.0,223921148,POINT (-122.61273 47.57428),PUGET SOUND ENERGY INC,53035080101.0
5YJXCDE25J,King,Renton,WA,98056.0,2018,TESLA,MODEL X,Battery Electric Vehicle (BEV),Clean Alternative Fuel Vehicle Eligible,238.0,41.0,475744951,POINT (-122.2044 47.52136),PUGET SOUND ENERGY INC||CITY OF TACOMA - (WA),53033025304.0
3GPKHXRJ1R,Clark,Vancouver,WA,98682.0,2024,HONDA,PROLOGUE,Battery Electric Vehicle (BEV),Eligibility unknown as battery range has not been researched,0.0,18.0,272058293,POINT (-122.55149 45.69345),BONNEVILLE POWER ADMINISTRATION||PUD NO 1 OF CLARK COUNTY - (WA),53011040604.0
7SAXCBE68P,King,Bellevue,WA,98006.0,2023,TESLA,MODEL X,Battery Electric Vehicle (BEV),Eligibility unknown as battery range has not been researched,0.0,41.0,280813753,POINT (-122.12096 47.55584),PUGET SOUND ENERGY INC||CITY OF TACOMA - (WA),53033024800.0
7SAYGDED8T,Clallam,Sequim,WA,98382.0,2026,TESLA,MODEL Y,Battery Electric Vehicle (BEV),Eligibility unknown as battery range has not been researched,0.0,24.0,282241886,POINT (-123.10367 48.07965),BONNEVILLE POWER ADMINISTRATION||PUD NO 1 OF CLALLAM COUNTY,53009001901.0
WAUTPBFFXH,King,Kent,WA,98031.0,2017,AUDI,A3,Plug-in Hybrid Electric Vehicle (PHEV),Not eligible due to low battery range,16.0,33.0,127102174,POINT (-122.17743 47.41185),PUGET SOUND ENERGY INC||CITY OF TACOMA - (WA),53033029207.0
7SAYGDEE4R,Snohomish,Mill Creek,WA,98012.0,2024,TESLA,MODEL Y,Battery Electric Vehicle (BEV),Eligibility unknown as battery range has not been researched,0.0,44.0,273540669,POINT (-122.22038 47.8572),PUGET SOUND ENERGY INC,53061052004.0
1FADP5CU7G,Clark,Vancouver,WA,98686.0,2016,FORD,C-MAX,Plug-in Hybrid Electric Vehicle (PHEV),Not eligible due to low battery range,19.0,49.0,165648388,POINT (-122.62731 45.71668),BONNEVILLE POWER ADMINISTRATION||PUD NO 1 OF CLARK COUNTY - (WA),53011040803.0
1GYKPRRK9R,King,Issaquah,WA,98027.0,2024,CADILLAC,LYRIQ,Battery Electric Vehicle (BEV),Eligibility unknown as battery range has not been researched,0.0,5.0,271820097,POINT (-122.03439 47.5301),PUGET SOUND ENERGY INC||CITY OF TACOMA - (WA),53033032104.0
5YJSA1E24G,Pierce,Tacoma,WA,98445.0,2016,TESLA,MODEL S,Battery Electric Vehicle (BEV),Clean Alternative Fuel Vehicle Eligible,210.0,29.0,317499472,POINT (-122.40872 47.16568),BONNEVILLE POWER ADMINISTRATION||CITY OF TACOMA - (WA)||ELMHURST MUTUAL POWER & LIGHT CO|PENINSULA LIGHT COMPANY,53053071506.0
1G1RC6E47F,Pierce,Tacoma,WA,98445.0,2015,CHEVROLET,VOLT,Plug-in Hybrid Electric Vehicle (PHEV),Clean Alternative Fuel Vehicle Eligible,38.0,29.0,242199338,POINT (-122.40872 47.16568),BONNEVILLE POWER ADMINISTRATION||CITY OF TACOMA - (WA)||ELMHURST MUTUAL POWER & LIGHT CO|PENINSULA LIGHT COMPANY,53053071505.0
WA15AAGE1R,Snohomish,Bothell,WA,98021.0,2024,AUDI,Q8,Battery Electric Vehicle (BEV),Eligibility unknown as battery range has not been researched,0.0,1.0,260013589,POINT (-122.18384 47.8031),PUGET SOUND ENERGY INC,53061051913.0
7SAYGDEE9R,Grays Harbor,Hoquiam,WA,98550.0,2024,TESLA,MODEL Y,Battery Electric Vehicle (BEV),Eligibility unknown as battery range has not been researched,0.0,24.0,266899853,POINT (-123.88689 46.97982),BONNEVILLE POWER ADMINISTRATION||PUD NO 1 OF GRAYS HARBOR COUNTY,53027001500.0
5YJXCAE22M,King,Kirkland,WA,98033.0,2021,TESLA,MODEL X,Battery Electric Vehicle (BEV),Eligibility unknown as battery range has not been researched,0.0,48.0,135111504,POINT (-122.2066 47.67887),PUGET SOUND ENERGY INC||CITY OF TACOMA - (WA),53033022501.0
KM8KNDAF3P,Spokane,Spokane,WA,99217.0,2023,HYUNDAI,IONIQ 5,Battery Electric Vehicle (BEV),Eligibility unknown as battery range has not been researched,0.0,4.0,251377913,POINT (-117.35298 47.70433),BONNEVILLE POWER ADMINISTRATION||AVISTA CORP||INLAND POWER & LIGHT COMPANY,53063011400.0
1G1RD6E49D,King,Woodinville,WA,98072.0,2013,CHEVROLET,VOLT,Plug-in Hybrid Electric Vehicle (PHEV),Clean Alternative Fuel Vehicle Eligible,38.0,45.0,206438627,POINT (-122.15545 47.75448),PUGET SOUND ENERGY INC||CITY OF TACOMA - (WA),53033032326.0
1G1RB6S57H,Snohomish,Bothell,WA,98021.0,2017,CHEVROLET,VOLT,Plug-in Hybrid Electric Vehicle (PHEV),Clean Alternative Fuel Vehicle Eligible,53.0,1.0,227053487,POINT (-122.18384 47.8031),PUGET SOUND ENERGY INC,53061051926.0
5YJ3E1EB8M,Kittitas,Ellensburg,WA,98926.0,2021,TESLA,MODEL 3,Battery Electric Vehicle (BEV),Eligibility unknown as battery range has not been researched,0.0,13.0,148444922,POINT (-120.54872 46.99703),PUGET SOUND ENERGY INC,53037975202.0
5YJ3E1EA9M,Pierce,Lakebay,WA,98349.0,2021,TESLA,MODEL 3,Battery Electric Vehicle (BEV),Eligibility unknown as battery range has not been researched,0.0,26.0,167175046,POINT (-122.75746 47.25124),BONNEVILLE POWER ADMINISTRATION||CITY OF TACOMA - (WA)||PENINSULA LIGHT COMPANY,53053072602.0
1N4AZ0CPXD,Kitsap,Poulsbo,WA,98370.0,2013,NISSAN,LEAF,Battery Electric Vehicle (BEV),Clean Alternative Fuel Vehicle Eligible,75.0,23.0,163336540,POINT (-122.64681 47.73689),PUGET SOUND ENERGY INC,53035940100.0
YV4EH3HL3R,King,Seattle,WA,98102.0,2024,VOLVO,XC40,Battery Electric Vehicle (BEV),Eligibility unknown as battery range has not been researched,0.0,43.0,262361025,POINT (-122.32427 47.63433),CITY OF SEATTLE - (WA)|CITY OF TACOMA - (WA),53033006600.0
5UXKT0C55J,King,Newcastle,WA,98056.0,2018,BMW,X5,Plug-in Hybrid Electric Vehicle (PHEV),Not eligible due to low battery range,13.0,41.0,276343203,POINT (-122.2044 47.52136),PUGET SOUND ENERGY INC||CITY OF TACOMA - (WA),53033024703.0
1GYKPMRL4R,King,Seattle,WA,98199.0,2024,CADILLAC,LYRIQ,Battery Electric Vehicle (BEV),Eligibility unknown as battery range has not been researched,0.0,36.0,267548907,POINT (-122.40092 47.65908),CITY OF SEATTLE - (WA)|CITY OF TACOMA - (WA),53033005700.0
5YJ3E1EC1L,King,Sammamish,WA,98074.0,2020,TESLA,MODEL 3,Battery Electric Vehicle (BEV),Clean Alternative Fuel Vehicle Eligible,308.0,45.0,260534011,POINT (-122.02054 47.60326),PUGET SOUND ENERGY INC||CITY OF TACOMA - (WA),53033032317.0
5YJ3E1EB9J,Pierce,Tacoma,WA,98407.0,2018,TESLA,MODEL 3,Battery Electric Vehicle (BEV),Clean Alternative Fuel Vehicle Eligible,215.0,27.0,475718995,POINT (-122.51288 47.2987),BONNEVILLE POWER ADMINISTRATION||CITY OF TACOMA - (WA)||PENINSULA LIGHT COMPANY,53053060400.0
7SAXCBE56R,Snohomish,Snohomish,WA,98296.0,2024,TESLA,MODEL X,Battery Electric Vehicle (BEV),Eligibility unknown as battery range has not been researched,0.0,44.0,271070019,POINT (-122.1389 47.87115),PUGET SOUND ENERGY INC,53061052121.0
5YJYGDEE6M,Chelan,Leavenworth,WA,98826.0,2021,TESLA,MODEL Y,Battery Electric Vehicle (BEV),Eligibility unknown as battery range has not been researched,0.0,12.0,166354541,POINT (-120.65754 47.5982),PUD NO 1 OF CHELAN COUNTY,53007960201.0
1C4RJXN61R,King,Kirkland,WA,98034.0,2024,JEEP,WRANGLER,Plug-in Hybrid Electric Vehicle (PHEV),Not eligible due to low battery range,21.0,45.0,274419288,POINT (-122.22901 47.72201),PUGET SOUND ENERGY INC||CITY OF TACOMA - (WA),53033021903.0
5YJ3E1EB0N,King,Seattle,WA,98115.0,2022,TESLA,MODEL 3,Battery Electric Vehicle (BEV),Eligibility unknown as battery range has not been researched,0.0,46.0,187514043,POINT (-122.31676 47.68156),CITY OF SEATTLE - (WA)|CITY OF TACOMA - (WA),53033004202.0
3GPKHXRJ0R,Benton,Richland,WA,99352.0,2024,HONDA,PROLOGUE,Battery Electric Vehicle (BEV),Eligibility unknown as battery range has not been researched,0.0,8.0,271074002,POINT (-119.27372 46.27391),BONNEVILLE POWER ADMINISTRATION||CITY OF RICHLAND - (WA),53005010818.0
WVG6YVEB6S,King,Seattle,WA,98155.0,2025,VOLKSWAGEN,ID. BUZZ,Battery Electric Vehicle (BEV),Eligibility unknown as battery range has not been researched,0.0,46.0,278052435,POINT (-122.27794 47.75462),PUGET SOUND ENERGY INC||CITY OF TACOMA - (WA),53033021400.0
5XYC4DJC3S,Clark,La Center,WA,98629.0,2025,KIA,EV6,Battery Electric Vehicle (BEV),Eligibility unknown as battery range has not been researched,0.0,20.0,282148415,POINT (-122.67248 45.86156),BONNEVILLE POWER ADMINISTRATION||PUD NO 1 OF CLARK COUNTY - (WA),53011040202.0
5YJ3E1EC1N,Thurston,Olympia,WA,98501.0,2022,TESLA,MODEL 3,Battery Electric Vehicle (BEV),Eligibility unknown as battery range has not been researched,0.0,35.0,208890433,POINT (-122.89165 47.03954),PUGET SOUND ENERGY INC,53067011722.0
5YJ3E1EA8K,Clark,Vancouver,WA,98685.0,2019,TESLA,MODEL 3,Battery Electric Vehicle (BEV),Clean Alternative Fuel Vehicle Eligible,220.0,18.0,236425073,POINT (-122.70303 45.70954),BONNEVILLE POWER ADMINISTRATION||PUD NO 1 OF CLARK COUNTY - (WA),53011040910.0
1FTVW1ELXN,King,Tukwila,WA,98168.0,2022,FORD,F-150,Battery Electric Vehicle (BEV),Eligibility unknown as battery range has not been researched,0.0,11.0,225845917,POINT (-122.3317 47.50314),CITY OF SEATTLE - (WA)|CITY OF TACOMA - (WA),53033027200.0
KNDCC3LG6N,Pierce,Dupont,WA,98327.0,2022,KIA,NIRO,Battery Electric Vehicle (BEV),Eligibility unknown as battery range has not been researched,0.0,28.0,187119040,POINT (-122.62954 47.09583),PUGET SOUND ENERGY INC||CITY OF TACOMA - (WA),53053072802.0
KNDPYDAH3P,King,Woodinville,WA,98072.0,2023,KIA,SPORTAGE,Plug-in Hybrid Electric Vehicle (PHEV),Clean Alternative Fuel Vehicle Eligible,34.0,45.0,257966803,POINT (-122.15545 47.75448),PUGET SOUND ENERGY INC||CITY OF TACOMA - (WA),53033032307.0
WB533CF04P,King,Redmond,WA,98052.0,2023,BMW,IX,Battery Electric Vehicle (BEV),Eligibility unknown as battery range has not been researched,0.0,48.0,219225310,POINT (-122.13158 47.67858),PUGET SOUND ENERGY INC||CITY OF TACOMA - (WA),53033022606.0
5YJ3E1EA5M,King,Seattle,WA,98104.0,2021,TESLA,MODEL 3,Battery Electric Vehicle (BEV),Eligibility unknown as battery range has not been researched,0.0,37.0,182401145,POINT (-122.32945 47.60357),CITY OF SEATTLE - (WA)|CITY OF TACOMA - (WA),53033008500.0
JTMABACA9S,King,Issaquah,WA,98027.0,2025,TOYOTA,BZ4X,Battery Electric Vehicle (BEV),Eligibility unknown as battery range has not been researched,0.0,5.0,282265686,POINT (-122.03439 47.5301),PUGET SOUND ENERGY INC||CITY OF TACOMA - (WA),53033032104.0
5YJ3E1EB1M,King,Seattle,WA,98118.0,2021,TESLA,MODEL 3,Battery Electric Vehicle (BEV),Eligibility unknown as battery range has not been researched,0.0,37.0,140354812,POINT (-122.2668 47.55115),CITY OF SEATTLE - (WA)|CITY OF TACOMA - (WA),53033011001.0
3FMTK1SS6M,King,Federal Way,WA,98003.0,2021,FORD,MUSTANG MACH-E,Battery Electric Vehicle (BEV),Eligibility unknown as battery range has not been researched,0.0,30.0,267217723,POINT (-122.3303 47.30151),PUGET SOUND ENERGY INC||CITY OF TACOMA - (WA),53033030008.0
7PDSGBBA6S,Pierce,Bonney Lake,WA,98391.0,2025,RIVIAN,R1S,Battery Electric Vehicle (BEV),Eligibility unknown as battery range has not been researched,0.0,31.0,271587389,POINT (-122.17144 47.19175),PUGET SOUND ENERGY INC||CITY OF TACOMA - (WA),53053070310.0
5YJ3E1EC5M,King,Lake Forest Park,WA,98155.0,2021,TESLA,MODEL 3,Battery Electric Vehicle (BEV),Eligibility unknown as battery range has not been researched,0.0,46.0,176607098,POINT (-122.27794 47.75462),PUGET SOUND ENERGY INC||CITY OF TACOMA - (WA),53033021500.0
1C4RJYB62N,Snohomish,Edmonds,WA,98026.0,2022,JEEP,GRAND CHEROKEE,Plug-in Hybrid Electric Vehicle (PHEV),Not eligible due to low battery range,25.0,21.0,237861627,POINT (-122.31768 47.87166),PUGET SOUND ENERGY INC,53061050102.0
7SAXCBE63R,Spokane,Spokane,WA,99224.0,2024,TESLA,MODEL X,Battery Electric Vehicle (BEV),Eligibility unknown as battery range has not been researched,0.0,6.0,267814081,POINT (-117.46996 47.59431),BONNEVILLE POWER ADMINISTRATION||AVISTA CORP||INLAND POWER & LIGHT COMPANY,53063013503.0
7SAYGDEEXN,King,Kent,WA,98042.0,2022,TESLA,MODEL Y,Battery Electric Vehicle (BEV),Eligibility unknown as battery range has not been researched,0.0,47.0,207238090,POINT (-122.1179 47.35896),PUGET SOUND ENERGY INC||CITY OF TACOMA - (WA),53033031708.0
KM8KNDA82S,Snohomish,Lynnwood,WA,98037.0,2025,HYUNDAI,IONIQ 5 N,Battery Electric Vehicle (BEV),Eligibility unknown as battery range has not been researched,0.0,32.0,285163833,POINT (-122.27734 47.83785),PUGET SOUND ENERGY INC,53061051602.0
JTDKN3DP9C,Pierce,Puyallup,WA,98372.0,2012,TOYOTA,PRIUS,Plug-in Hybrid Electric Vehicle (PHEV),Not eligible due to low battery range,6.0,31.0,222594522,POINT (-122.29109 47.23693),PUGET SOUND ENERGY INC||CITY OF TACOMA - (WA),53053073501.0
7SAYGDEE3R,King,Sammamish,WA,98074.0,2024,TESLA,MODEL Y,Battery Electric Vehicle (BEV),Eligibility unknown as battery range has not been researched,0.0,45.0,268261584,POINT (-122.02054 47.60326),PUGET SOUND ENERGY INC||CITY OF TACOMA - (WA),53033032317.0
JTDKAMFP3M,Yakima,Yakima,WA,98908.0,2021,TOYOTA,PRIUS PRIME (PHEV),Plug-in Hybrid Electric Vehicle (PHEV),Not eligible due to low battery range,25.0,14.0,276443569,POINT (-120.60199 46.59817),PACIFICORP,53077001000.0
YV4ED3GMXP,Island,Clinton,WA,98236.0,2023,VOLVO,C40,Battery Electric Vehicle (BEV),Eligibility unknown as battery range has not been researched,0.0,10.0,266040806,POINT (-122.35803 47.9796),PUGET SOUND ENERGY INC,53029972100.0
7G2CEHED8R,Skagit,Mount Vernon,WA,98274.0,2024,TESLA,CYBERTRUCK,Battery Electric Vehicle (BEV),Eligibility unknown as battery range has not been researched,0.0,10.0,274679380,POINT (-122.32355 48.41566),PUGET SOUND ENERGY INC,53057952700.0
7PDSGABA8R,Whatcom,Bellingham,WA,98229.0,2024,RIVIAN,R1S,Battery Electric Vehicle (BEV),Eligibility unknown as battery range has not been researched,0.0,40.0,264846998,POINT (-122.45486 48.7449),PUGET SOUND ENERGY INC||PUD NO 1 OF WHATCOM COUNTY,53073000902.0
7PDSGABA7P,Clark,Camas,WA,98607.0,2023,RIVIAN,R1S,Battery Electric Vehicle (BEV),Eligibility unknown as battery range has not been researched,0.0,18.0,255416983,POINT (-122.40199 45.58694),BONNEVILLE POWER ADMINISTRATION||PUD NO 1 OF CLARK COUNTY - (WA),53011041325.0
5YJ3E1EBXS,Clark,Vancouver,WA,98683.0,2025,TESLA,MODEL 3,Battery Electric Vehicle (BEV),Eligibility unknown as battery range has not been researched,0.0,18.0,277747081,POINT (-122.49212 45.60365),BONNEVILLE POWER ADMINISTRATION||PUD NO 1 OF CLARK COUNTY - (WA),53011041325.0
5YJ3E1ET2R,Spokane,Spokane,WA,99208.0,2024,TESLA,MODEL 3,Battery Electric Vehicle (BEV),Eligibility unknown as battery range has not been researched,0.0,6.0,278750755,POINT (-117.45005 47.7333),BONNEVILLE POWER ADMINISTRATION||AVISTA CORP||INLAND POWER & LIGHT COMPANY,53063010701.0
5YJSA1H49F,Whatcom,Bellingham,WA,98226.0,2015,TESLA,MODEL S,Battery Electric Vehicle (BEV),Clean Alternative Fuel Vehicle Eligible,208.0,40.0,125807356,POINT (-122.49756 48.7999),PUGET SOUND ENERGY INC||PUD NO 1 OF WHATCOM COUNTY,53073000803.0
3GNKDBRJ8R,King,Redmond,WA,98052.0,2024,CHEVROLET,BLAZER,Battery Electric Vehicle (BEV),Eligibility unknown as battery range has not been researched,0.0,48.0,280089855,POINT (-122.13158 47.67858),PUGET SOUND ENERGY INC||CITY OF TACOMA - (WA),53033032325.0
5YJ3E1EC9L,King,Seattle,WA,98126.0,2020,TESLA,MODEL 3,Battery Electric Vehicle (BEV),Clean Alternative Fuel Vehicle Eligible,308.0,34.0,103165044,POINT (-122.36893 47.54701),CITY OF SEATTLE - (WA)|CITY OF TACOMA - (WA),53033011500.0
JTDACACU5R,Clallam,Port Angeles,WA,98362.0,2024,TOYOTA,PRIUS PRIME (PHEV),Plug-in Hybrid Electric Vehicle (PHEV),Clean Alternative Fuel Vehicle Eligible,39.0,24.0,271039779,POINT (-123.43112 48.11892),BONNEVILLE POWER ADMINISTRATION||PUD NO 1 OF CLALLAM COUNTY,53009001600.0
5YJ3E1EA6P,King,Shoreline,WA,98133.0,2023,TESLA,MODEL 3,Battery Electric Vehicle (BEV),Eligibility unknown as battery range has not been researched,0.0,32.0,253353684,POINT (-122.34477 47.75744),CITY OF SEATTLE - (WA)|CITY OF TACOMA - (WA),53033020302.0
5YJ3E1EA0R,Spokane,Otis Orchards,WA,99027.0,2024,TESLA,MODEL 3,Battery Electric Vehicle (BEV),Eligibility unknown as battery range has not been researched,0.0,4.0,274036780,POINT (-117.11195 47.70763),BONNEVILLE POWER ADMINISTRATION||AVISTA CORP||INLAND POWER & LIGHT COMPANY,53063010101.0
7SAYGAEE9S,Snohomish,Everett,WA,98208.0,2025,TESLA,MODEL Y,Battery Electric Vehicle (BEV),Eligibility unknown as battery range has not been researched,0.0,44.0,275803356,POINT (-122.18637 47.89251),PUGET SOUND ENERGY INC,53061041605.0
WVGTMPE26N,Pierce,Puyallup,WA,98371.0,2022,VOLKSWAGEN,ID.4,Battery Electric Vehicle (BEV),Eligibility unknown as battery range has not been researched,0.0,25.0,213472948,POINT (-122.29521 47.19045),PUGET SOUND ENERGY INC||CITY OF TACOMA - (WA),53053073408.0
7PDSGABA9R,King,Sammamish,WA,98074.0,2024,RIVIAN,R1S,Battery Electric Vehicle (BEV),Eligibility unknown as battery range has not been researched,0.0,45.0,267382650,POINT (-122.02054 47.60326),PUGET SOUND ENERGY INC||CITY OF TACOMA - (WA),53033032215.0
KNDCR3LF8S,Spokane,Spokane,WA,99202.0,2025,KIA,NIRO,Plug-in Hybrid Electric Vehicle (PHEV),Clean Alternative Fuel Vehicle Eligible,33.0,3.0,279235484,POINT (-117.3797 47.65548),MODERN ELECTRIC WATER COMPANY,53063003100.0
1N4AZ1CP1K,King,Seattle,WA,98108.0,2019,NISSAN,LEAF,Battery Electric Vehicle (BEV),Clean Alternative Fuel Vehicle Eligible,150.0,34.0,151652567,POINT (-122.30346 47.55379),CITY OF SEATTLE - (WA)|CITY OF TACOMA - (WA),53033011300.0
YSMEG3KA4P,King,Seatac,WA,98148.0,2023,POLESTAR,PS2,Battery Electric Vehicle (BEV),Eligibility unknown as battery range has not been researched,0.0,33.0,274286260,POINT (-122.32863 47.46233),PUGET SOUND ENERGY INC||CITY OF TACOMA - (WA),53033028500.0
7SAYGDEE5R,King,Seattle,WA,98146.0,2024,TESLA,MODEL Y,Battery Electric Vehicle (BEV),Eligibility unknown as battery range has not been researched,0.0,34.0,267219592,POINT (-122.36178 47.49408),CITY OF SEATTLE - (WA)|CITY OF TACOMA - (WA),53033026600.0
7SAYGDEE3R,King,Renton,WA,98059.0,2024,TESLA,MODEL Y,Battery Electric Vehicle (BEV),Eligibility unknown as battery range has not been researched,0.0,11.0,263283100,POINT (-122.16548 47.53766),PUGET SOUND ENERGY INC||CITY OF TACOMA - (WA),53033025103.0
1N4BZ1DV8N,Pierce,Puyallup,WA,98373.0,2022,NISSAN,LEAF,Battery Electric Vehicle (BEV),Eligibility unknown as battery range has not been researched,0.0,25.0,194414405,POINT (-122.2988 47.13795),BONNEVILLE POWER ADMINISTRATION||CITY OF TACOMA - (WA)||PENINSULA LIGHT COMPANY,53053071310.0
JTMEB3FV2N,King,Kent,WA,98031.0,2022,TOYOTA,RAV4 PRIME (PHEV),Plug-in Hybrid Electric Vehicle (PHEV),Clean Alternative Fuel Vehicle Eligible,42.0,47.0,216997868,POINT (-122.17743 47.41185),PUGET SOUND ENERGY INC||CITY OF TACOMA - (WA),53033029406.0
LPSED3KA8N,Pierce,Steilacoom,WA,98388.0,2022,POLESTAR,PS2,Battery Electric Vehicle (BEV),Eligibility unknown as battery range has not been researched,0.0,28.0,187125900,POINT (-122.59802 47.17303),BONNEVILLE POWER ADMINISTRATION||TOWN OF STEILACOOM|CITY OF TACOMA - (WA)||PENINSULA LIGHT COMPANY,53053072111.0
5YJ3E1EA9J,King,Redmond,WA,98052.0,2018,TESLA,MODEL 3,Battery Electric Vehicle (BEV),Clean Alternative Fuel Vehicle Eligible,215.0,48.0,207673343,POINT (-122.13158 47.67858),PUGET SOUND ENERGY INC||CITY OF TACOMA - (WA),53033022802.0
1N4AZ1BPXL,Kitsap,Poulsbo,WA,98370.0,2020,NISSAN,LEAF,Battery Electric Vehicle (BEV),Clean Alternative Fuel Vehicle Eligible,149.0,23.0,135267184,POINT (-122.64681 47.73689),PUGET SOUND ENERGY INC,53035940100.0
5YJ3E1EA3N,Ada,Boise,ID,83706.0,2022,TESLA,MODEL 3,Battery Electric Vehicle (BEV),Eligibility unknown as battery range has not been researched,0.0,,185816935,POINT (-116.1734 43.58039),NON WASHINGTON STATE ELECTRIC UTILITY,16001000806.0
KMUKEDTB1P,King,Maple Valley,WA,98038.0,2023,GENESIS,GV60,Battery Electric Vehicle (BEV),Eligibility unknown as battery range has not been researched,0.0,5.0,251328129,POINT (-122.04526 47.39394),PUGET SOUND ENERGY INC||CITY OF TACOMA - (WA),53033032010.0
JTDKN3DP3E,King,Seattle,WA,98121.0,2014,TOYOTA,PRIUS,Plug-in Hybrid Electric Vehicle (PHEV),Not eligible due to low battery range,6.0,36.0,289079815,POINT (-122.34468 47.61578),CITY OF SEATTLE - (WA)|CITY OF TACOMA - (WA),53033008003.0
JM3KKEHA4R,Whatcom,Bellingham,WA,98225.0,2024,MAZDA,CX-90,Plug-in Hybrid Electric Vehicle (PHEV),Not eligible due to low battery range,26.0,40.0,265097577,POINT (-122.47091 48.75256),PUGET SOUND ENERGY INC||PUD NO 1 OF WHATCOM COUNTY,53073001102.0
KNDC3DLC3P,Pend Oreille,Elk,WA,99009.0,2023,KIA,EV6,Battery Electric Vehicle (BEV),Eligibility unknown as battery range has not been researched,0.0,7.0,233569136,POINT (-117.27816 48.01723),PUD NO 1 OF PEND OREILLE COUNTY,53051970500.0
5YJ3E1EB2K,King,Kent,WA,98030.0,2019,TESLA,MODEL 3,Battery Electric Vehicle (BEV),Clean Alternative Fuel Vehicle Eligible,220.0,47.0,252683322,POINT (-122.224 47.37943),PUGET SOUND ENERGY INC||CITY OF TACOMA - (WA),53033029603.0
7SAYGDEE6R,Benton,Benton City,WA,99320.0,2024,TESLA,MODEL Y,Battery Electric Vehicle (BEV),Eligibility unknown as battery range has not been researched,0.0,16.0,264690065,POINT (-119.48756 46.26543),BONNEVILLE POWER ADMINISTRATION||PUD NO 1 OF BENTON COUNTY,53005011900.0
JTMABACA9R,King,Seattle,WA,98104.0,2024,TOYOTA,BZ4X,Battery Electric Vehicle (BEV),Eligibility unknown as battery range has not been researched,0.0,43.0,280190438,POINT (-122.32945 47.60357),CITY OF SEATTLE - (WA)|CITY OF TACOMA - (WA),53033008500.0
JTDKAMFP6M,Clallam,Sequim,WA,98382.0,2021,TOYOTA,PRIUS PRIME (PHEV),Plug-in Hybrid Electric Vehicle (PHEV),Not eligible due to low battery range,25.0,24.0,271977807,POINT (-123.10367 48.07965),BONNEVILLE POWER ADMINISTRATION||PUD NO 1 OF CLALLAM COUNTY,53009002100.0
7SAYGDEE4R,King,Bellevue,WA,98008.0,2024,TESLA,MODEL Y,Battery Electric Vehicle (BEV),Eligibility unknown as battery range has not been researched,0.0,48.0,261156941,POINT (-122.11867 47.63131),PUGET SOUND ENERGY INC||CITY OF TACOMA - (WA),53033023000.0
7SAYGDED7S,King,Bellevue,WA,98008.0,2025,TESLA,MODEL Y,Battery Electric Vehicle (BEV),Eligibility unknown as battery range has not been researched,0.0,48.0,277870435,POINT (-122.11867 47.63131),PUGET SOUND ENERGY INC||CITY OF TACOMA - (WA),53033023100.0
2C4RC1S72R,King,Tukwila,WA,98168.0,2024,CHRYSLER,PACIFICA,Plug-in Hybrid Electric Vehicle (PHEV),Clean Alternative Fuel Vehicle Eligible,32.0,11.0,271706788,POINT (-122.3317 47.50314),CITY OF SEATTLE - (WA)|CITY OF TACOMA - (WA),53033027200.0
7G2CEHEE8R,Island,Oak Harbor,WA,98277.0,2024,TESLA,CYBERTRUCK,Battery Electric Vehicle (BEV),Eligibility unknown as battery range has not been researched,0.0,10.0,277834581,POINT (-122.64682 48.29077),PUGET SOUND ENERGY INC,53029970300.0
JTDKARFP2L,King,Seattle,WA,98178.0,2020,TOYOTA,PRIUS PRIME (PHEV),Plug-in Hybrid Electric Vehicle (PHEV),Not eligible due to low battery range,25.0,37.0,1851020,POINT (-122.23825 47.49461),PUGET SOUND ENERGY INC||CITY OF TACOMA - (WA),53033026001.0
7SAYGDEE7R,Clark,Vancouver,WA,98686.0,2024,TESLA,MODEL Y,Battery Electric Vehicle (BEV),Eligibility unknown as battery range has not been researched,0.0,17.0,267469275,POINT (-122.62731 45.71668),BONNEVILLE POWER ADMINISTRATION||PUD NO 1 OF CLARK COUNTY - (WA),53011040812.0
7SAYGDEE8P,Clallam,Sequim,WA,98382.0,2023,TESLA,MODEL Y,Battery Electric Vehicle (BEV),Eligibility unknown as battery range has not been researched,0.0,24.0,254509293,POINT (-123.10367 48.07965),BONNEVILLE POWER ADMINISTRATION||PUD NO 1 OF CLALLAM COUNTY,53009001800.0
YV4H60PG4S,King,Seattle,WA,98125.0,2025,VOLVO,XC90,Plug-in Hybrid Electric Vehicle (PHEV),Clean Alternative Fuel Vehicle Eligible,32.0,46.0,278283722,POINT (-122.30253 47.72656),CITY OF SEATTLE - (WA)|CITY OF TACOMA - (WA),53033000102.0
7SAYGDEE0T,Pierce,Lake Tapps,WA,98391.0,2026,TESLA,MODEL Y,Battery Electric Vehicle (BEV),Eligibility unknown as battery range has not been researched,0.0,31.0,281451460,POINT (-122.17144 47.19175),PUGET SOUND ENERGY INC||CITY OF TACOMA - (WA),53053070307.0
7SAYGDEEXT,King,Bellevue,WA,98004.0,2026,TESLA,MODEL Y,Battery Electric Vehicle (BEV),Eligibility unknown as battery range has not been researched,0.0,48.0,288995535,POINT (-122.1872 47.61001),PUGET SOUND ENERGY INC||CITY OF TACOMA - (WA),53033024001.0
WA1VCBGE8P,King,Clyde Hill,WA,98004.0,2023,AUDI,E-TRON,Battery Electric Vehicle (BEV),Eligibility unknown as battery range has not been researched,0.0,48.0,232982809,POINT (-122.1872 47.61001),PUGET SOUND ENERGY INC||CITY OF TACOMA - (WA),53033024100.0
7SAYGDEF5N,Snohomish,Everett,WA,98208.0,2022,TESLA,MODEL Y,Battery Electric Vehicle (BEV),Eligibility unknown as battery range has not been researched,0.0,44.0,205856955,POINT (-122.18637 47.89251),PUGET SOUND ENERGY INC,53061041601.0
5YJ3E1EA4P,King,Seattle,WA,98106.0,2023,TESLA,MODEL 3,Battery Electric Vehicle (BEV),Eligibility unknown as battery range has not been researched,0.0,34.0,251462935,POINT (-122.35163 47.54287),CITY OF SEATTLE - (WA)|CITY OF TACOMA - (WA),53033026500.0
1N4BZ0CP9G,King,Bellevue,WA,98008.0,2016,NISSAN,LEAF,Battery Electric Vehicle (BEV),Clean Alternative Fuel Vehicle Eligible,84.0,48.0,291834126,POINT (-122.11867 47.63131),PUGET SOUND ENERGY INC||CITY OF TACOMA - (WA),53033023300.0
5YJ3E1EB7K,King,Kirkland,WA,98033.0,2019,TESLA,MODEL 3,Battery Electric Vehicle (BEV),Clean Alternative Fuel Vehicle Eligible,220.0,48.0,318319564,POINT (-122.2066 47.67887),PUGET SOUND ENERGY INC||CITY OF TACOMA - (WA),53033022603.0
1C4RJXN68R,Island,Oak Harbor,WA,98277.0,2024,JEEP,WRANGLER,Plug-in Hybrid Electric Vehicle (PHEV),Not eligible due to low battery range,21.0,10.0,281485543,POINT (-122.64682 48.29077),PUGET SOUND ENERGY INC,53029970900.0
KNDC3DLC2R,King,Renton,WA,98056.0,2024,KIA,EV6,Battery Electric Vehicle (BEV),Eligibility unknown as battery range has not been researched,0.0,41.0,269408296,POINT (-122.2044 47.52136),PUGET SOUND ENERGY INC||CITY OF TACOMA - (WA),53033025202.0
WVWKR7AU8H,King,Seattle,WA,98112.0,2017,VOLKSWAGEN,E-GOLF,Battery Electric Vehicle (BEV),Clean Alternative Fuel Vehicle Eligible,125.0,37.0,186769110,POINT (-122.30207 47.64085),CITY OF SEATTLE - (WA)|CITY OF TACOMA - (WA),53033007700.0
1G1RB6S59J,Snohomish,Marysville,WA,98270.0,2018,CHEVROLET,VOLT,Plug-in Hybrid Electric Vehicle (PHEV),Clean Alternative Fuel Vehicle Eligible,53.0,44.0,207571087,POINT (-122.1769 48.06114),PUGET SOUND ENERGY INC,53061052710.0
7PDSGBBA5S,Island,Freeland,WA,98249.0,2025,RIVIAN,R1S,Battery Electric Vehicle (BEV),Eligibility unknown as battery range has not been researched,0.0,10.0,273627595,POINT (-122.52664 48.00956),PUGET SOUND ENERGY INC,53029971302.0
7SAYGDEE4P,King,Bellevue,WA,98006.0,2023,TESLA,MODEL Y,Battery Electric Vehicle (BEV),Eligibility unknown as battery range has not been researched,0.0,41.0,236459947,POINT (-122.12096 47.55584),PUGET SOUND ENERGY INC||CITY OF TACOMA - (WA),53033024905.0
5YJ3E1EC4L,Snohomish,Marysville,WA,98270.0,2020,TESLA,MODEL 3,Battery Electric Vehicle (BEV),Clean Alternative Fuel Vehicle Eligible,308.0,44.0,113281857,POINT (-122.1769 48.06114),PUGET SOUND ENERGY INC,53061052708.0
JN8BF0BE3S,Snohomish,Lake Stevens,WA,98258.0,2025,NISSAN,ARIYA MPV,Battery Electric Vehicle (BEV),Eligibility unknown as battery range has not been researched,0.0,44.0,279115406,POINT (-122.06402 48.01497),PUGET SOUND ENERGY INC,53061052607.0
KNDC3DLC6P,King,Snoqualmie,WA,98065.0,2023,KIA,EV6,Battery Electric Vehicle (BEV),Eligibility unknown as battery range has not been researched,0.0,5.0,240507823,POINT (-121.82432 47.52716),PUGET SOUND ENERGY INC||CITY OF TACOMA - (WA),53033032604.0
WA134BGF0S,Spokane,Spokane,WA,99224.0,2025,AUDI,Q6,Battery Electric Vehicle (BEV),Eligibility unknown as battery range has not been researched,0.0,6.0,278506784,POINT (-117.46996 47.59431),BONNEVILLE POWER ADMINISTRATION||AVISTA CORP||INLAND POWER & LIGHT COMPANY,53063013502.0
5YJ3E1EB7J,King,Kirkland,WA,98033.0,2018,TESLA,MODEL 3,Battery Electric Vehicle (BEV),Clean Alternative Fuel Vehicle Eligible,215.0,45.0,186622957,POINT (-122.2066 47.67887),PUGET SOUND ENERGY INC||CITY OF TACOMA - (WA),53033022401.0
5YJ3E1EB9K,King,Issaquah,WA,98027.0,2019,TESLA,MODEL 3,Battery Electric Vehicle (BEV),Clean Alternative Fuel Vehicle Eligible,220.0,5.0,476388447,POINT (-122.03439 47.5301),PUGET SOUND ENERGY INC||CITY OF TACOMA - (WA),53033031904.0
KNDJX3AE1H,King,Seattle,WA,98125.0,2017,KIA,SOUL,Battery Electric Vehicle (BEV),Clean Alternative Fuel Vehicle Eligible,93.0,46.0,349178441,POINT (-122.30253 47.72656),CITY OF SEATTLE - (WA)|CITY OF TACOMA - (WA),53033002200.0
3FMTK3SU9N,King,Sammamish,WA,98074.0,2022,FORD,MUSTANG MACH-E,Battery Electric Vehicle (BEV),Eligibility unknown as battery range has not been researched,0.0,45.0,224366271,POINT (-122.02054 47.60326),PUGET SOUND ENERGY INC||CITY OF TACOMA - (WA),53033032217.0
1G1FZ6S06P,King,Maple Valley,WA,98038.0,2023,CHEVROLET,BOLT EUV,Battery Electric Vehicle (BEV),Eligibility unknown as battery range has not been researched,0.0,5.0,262964439,POINT (-122.04526 47.39394),PUGET SOUND ENERGY INC||CITY OF TACOMA - (WA),53033032011.0
7SAYGDEE0T,Thurston,Lacey,WA,98516.0,2026,TESLA,MODEL Y,Battery Electric Vehicle (BEV),Eligibility unknown as battery range has not been researched,0.0,22.0,280775295,POINT (-122.74743 47.08211),PUGET SOUND ENERGY INC,53067012225.0
1N4BZ0CP9G,King,Seattle,WA,98134.0,2016,NISSAN,LEAF,Battery Electric Vehicle (BEV),Clean Alternative Fuel Vehicle Eligible,84.0,37.0,232112555,POINT (-122.32741 47.58616),CITY OF SEATTLE - (WA)|CITY OF TACOMA - (WA),53033009300.0
1FMCU0EZ2N,Pierce,Tacoma,WA,98409.0,2022,FORD,ESCAPE,Plug-in Hybrid Electric Vehicle (PHEV),Clean Alternative Fuel Vehicle Eligible,38.0,29.0,217941111,POINT (-122.47913 47.2198),BONNEVILLE POWER ADMINISTRATION||CITY OF TACOMA - (WA)||PENINSULA LIGHT COMPANY,53053062600.0
ZACPDFCW4R,King,Tukwila,WA,98188.0,2024,DODGE,HORNET,Plug-in Hybrid Electric Vehicle (PHEV),Clean Alternative Fuel Vehicle Eligible,32.0,11.0,260144090,POINT (-122.27979 47.44952),PUGET SOUND ENERGY INC||CITY OF TACOMA - (WA),53033028200.0
KNDCR3L18R,Pierce,Tacoma,WA,98407.0,2024,KIA,NIRO,Battery Electric Vehicle (BEV),Eligibility unknown as battery range has not been researched,0.0,27.0,270091377,POINT (-122.51288 47.2987),BONNEVILLE POWER ADMINISTRATION||CITY OF TACOMA - (WA)||PENINSULA LIGHT COMPANY,53053060904.0
7FCTGBAA0S,Lewis,Ethel,WA,98542.0,2025,RIVIAN,R1T,Battery Electric Vehicle (BEV),Eligibility unknown as battery range has not been researched,0.0,20.0,284281546,POINT (-122.74909 46.53266),BONNEVILLE POWER ADMINISTRATION||CITY OF TACOMA - (WA)||PUD NO 1 OF LEWIS COUNTY,53041971200.0
7PDSGABL2N,Whatcom,Bellingham,WA,98225.0,2022,RIVIAN,R1S,Battery Electric Vehicle (BEV),Eligibility unknown as battery range has not been researched,0.0,40.0,220509635,POINT (-122.47091 48.75256),PUGET SOUND ENERGY INC||PUD NO 1 OF WHATCOM COUNTY,53073001000.0
7SAYGDEF4P,King,Bellevue,WA,98006.0,2023,TESLA,MODEL Y,Battery Electric Vehicle (BEV),Eligibility unknown as battery range has not been researched,0.0,41.0,255456463,POINT (-122.12096 47.55584),PUGET SOUND ENERGY INC||CITY OF TACOMA - (WA),53033024901.0
5YJSA1E29K,Kitsap,Poulsbo,WA,98370.0,2019,TESLA,MODEL S,Battery Electric Vehicle (BEV),Clean Alternative Fuel Vehicle Eligible,270.0,23.0,112610627,POINT (-122.64681 47.73689),PUGET SOUND ENERGY INC,53035090501.0
1N4CZ1CV7P,King,Seattle,WA,98134.0,2023,NISSAN,LEAF,Battery Electric Vehicle (BEV),Eligibility unknown as battery range has not been researched,0.0,37.0,224471726,POINT (-122.32741 47.58616),CITY OF SEATTLE - (WA)|CITY OF TACOMA - (WA),53033009300.0
5LMTJ5DZ4R,King,Bellevue,WA,98004.0,2024,LINCOLN,CORSAIR,Plug-in Hybrid Electric Vehicle (PHEV),Not eligible due to low battery range,28.0,41.0,276731157,POINT (-122.1872 47.61001),PUGET SOUND ENERGY INC||CITY OF TACOMA - (WA),53033023808.0
JTMABABA1R,Pierce,Gig Harbor,WA,98335.0,2024,SUBARU,SOLTERRA,Battery Electric Vehicle (BEV),Eligibility unknown as battery range has not been researched,0.0,26.0,278192946,POINT (-122.58009 47.328),BONNEVILLE POWER ADMINISTRATION||CITY OF TACOMA - (WA)||PENINSULA LIGHT COMPANY,53053072405.0
JTMAB3FV8S,King,Seattle,WA,98103.0,2025,TOYOTA,RAV4 PRIME (PHEV),Plug-in Hybrid Electric Vehicle (PHEV),Clean Alternative Fuel Vehicle Eligible,42.0,43.0,276285978,POINT (-122.35436 47.67596),CITY OF SEATTLE - (WA)|CITY OF TACOMA - (WA),53033004901.0
1G1FZ6S00P,Yakima,Yakima,WA,98908.0,2023,CHEVROLET,BOLT EUV,Battery Electric Vehicle (BEV),Eligibility unknown as battery range has not been researched,0.0,14.0,258098445,POINT (-120.60199 46.59817),PACIFICORP,53077000904.0
3FMTK3SU9M,Spokane,Spokane,WA,99212.0,2021,FORD,MUSTANG MACH-E,Battery Electric Vehicle (BEV),Eligibility unknown as battery range has not been researched,0.0,4.0,196585539,POINT (-117.288 47.6824),BONNEVILLE POWER ADMINISTRATION||VERA IRRIGATION DISTRICT #15,53063012300.0
5YJ3E1EB9J,Pierce,Buckley,WA,98321.0,2018,TESLA,MODEL 3,Battery Electric Vehicle (BEV),Clean Alternative Fuel Vehicle Eligible,215.0,31.0,447230360,POINT (-122.02523 47.16299),PUGET SOUND ENERGY INC||CITY OF TACOMA - (WA),53053070309.0
1V2WNPE83P,Snohomish,Snohomish,WA,98296.0,2023,VOLKSWAGEN,ID.4,Battery Electric Vehicle (BEV),Eligibility unknown as battery range has not been researched,0.0,44.0,236495633,POINT (-122.1389 47.87115),PUGET SOUND ENERGY INC,53061052122.0
1G1FX6S05H,Clark,Vancouver,WA,98661.0,2017,CHEVROLET,BOLT EV,Battery Electric Vehicle (BEV),Clean Alternative Fuel Vehicle Eligible,238.0,49.0,258030370,POINT (-122.62934 45.63201),BONNEVILLE POWER ADMINISTRATION||PUD NO 1 OF CLARK COUNTY - (WA),53011042900.0
1G1FX6S03H,Cowlitz,Longview,WA,98632.0,2017,CHEVROLET,BOLT EV,Battery Electric Vehicle (BEV),Clean Alternative Fuel Vehicle Eligible,238.0,19.0,139837337,POINT (-122.95058 46.14681),BONNEVILLE POWER ADMINISTRATION||PUD NO 1 OF COWLITZ COUNTY,53015000703.0
1N4AZ0CP5E,King,Kent,WA,98032.0,2014,NISSAN,LEAF,Battery Electric Vehicle (BEV),Clean Alternative Fuel Vehicle Eligible,84.0,33.0,4089592,POINT (-122.23741 47.3807),PUGET SOUND ENERGY INC||CITY OF TACOMA - (WA),53033029701.0
JTMFB3FV9S,King,Duvall,WA,98019.0,2025,TOYOTA,RAV4 PRIME (PHEV),Plug-in Hybrid Electric Vehicle (PHEV),Clean Alternative Fuel Vehicle Eligible,42.0,5.0,278248687,POINT (-121.98609 47.74068),PUGET SOUND ENERGY INC||CITY OF TACOMA - (WA),53033032401.0
JTMABACA1R,Klickitat,Goldendale,WA,98620.0,2024,TOYOTA,BZ4X,Battery Electric Vehicle (BEV),Eligibility unknown as battery range has not been researched,0.0,14.0,277831669,POINT (-120.82545 45.823),BONNEVILLE POWER ADMINISTRATION||PUD NO 1 OF KLICKITAT COUNTY,53039950102.0
3FMTK3SU5R,King,Seattle,WA,98103.0,2024,FORD,MUSTANG MACH-E,Battery Electric Vehicle (BEV),Eligibility unknown as battery range has not been researched,0.0,36.0,279196732,POINT (-122.35436 47.67596),CITY OF SEATTLE - (WA)|CITY OF TACOMA - (WA),53033002800.0
7SAYGDEE9T,King,Snoqualmie,WA,98065.0,2026,TESLA,MODEL Y,Battery Electric Vehicle (BEV),Eligibility unknown as battery range has not been researched,0.0,5.0,286411331,POINT (-121.82432 47.52716),PUGET SOUND ENERGY INC||CITY OF TACOMA - (WA),53033032604.0
5YJ3E1EB6J,King,Seattle,WA,98146.0,2018,TESLA,MODEL 3,Battery Electric Vehicle (BEV),Clean Alternative Fuel Vehicle Eligible,215.0,34.0,474499532,POINT (-122.36178 47.49408),CITY OF SEATTLE - (WA)|CITY OF TACOMA - (WA),53033026600.0
JTJAAAAB4P,King,Renton,WA,98059.0,2023,LEXUS,RZ,Battery Electric Vehicle (BEV),Eligibility unknown as battery range has not been researched,0.0,11.0,260344283,POINT (-122.16548 47.53766),PUGET SOUND ENERGY INC||CITY OF TACOMA - (WA),53033025602.0
7PDSGBBA5S,King,Newcastle,WA,98056.0,2025,RIVIAN,R1S,Battery Electric Vehicle (BEV),Eligibility unknown as battery range has not been researched,0.0,41.0,281648573,POINT (-122.2044 47.52136),PUGET SOUND ENERGY INC||CITY OF TACOMA - (WA),53033024704.0
KNDC4DLC7P,King,Lake Forest Park,WA,98155.0,2023,KIA,EV6,Battery Electric Vehicle (BEV),Eligibility unknown as battery range has not been researched,0.0,46.0,229721446,POINT (-122.27794 47.75462),PUGET SOUND ENERGY INC||CITY OF TACOMA - (WA),53033020402.0
5YJ3E1EA1J,Snohomish,Bothell,WA,98021.0,2018,TESLA,MODEL 3,Battery Electric Vehicle (BEV),Clean Alternative Fuel Vehicle Eligible,215.0,1.0,223927756,POINT (-122.18384 47.8031),PUGET SOUND ENERGY INC,53061051937.0
KM8KM4AE0N,King,Seattle,WA,98115.0,2022,HYUNDAI,IONIQ 5,Battery Electric Vehicle (BEV),Eligibility unknown as battery range has not been researched,0.0,46.0,208707243,POINT (-122.31676 47.68156),CITY OF SEATTLE - (WA)|CITY OF TACOMA - (WA),53033002200.0
7SAXCBE65S,King,Mercer Island,WA,98040.0,2025,TESLA,MODEL X,Battery Electric Vehicle (BEV),Eligibility unknown as battery range has not been researched,0.0,41.0,283074809,POINT (-122.21238 47.57816),PUGET SOUND ENERGY INC||CITY OF TACOMA - (WA),53033024301.0
WVWPP7AU9G,King,Seattle,WA,98122.0,2016,VOLKSWAGEN,E-GOLF,Battery Electric Vehicle (BEV),Clean Alternative Fuel Vehicle Eligible,83.0,37.0,477856284,POINT (-122.31009 47.60803),CITY OF SEATTLE - (WA)|CITY OF TACOMA - (WA),53033008800.0
KNDCR3L1XS,King,Seattle,WA,98116.0,2025,KIA,NIRO,Battery Electric Vehicle (BEV),Eligibility unknown as battery range has not been researched,0.0,34.0,282085492,POINT (-122.41067 47.57894),CITY OF SEATTLE - (WA)|CITY OF TACOMA - (WA),53033009702.0
W1KEG2CB1P,King,Redmond,WA,98052.0,2023,MERCEDES-BENZ,EQE-CLASS SEDAN,Battery Electric Vehicle (BEV),Eligibility unknown as battery range has not been researched,0.0,48.0,251298736,POINT (-122.13158 47.67858),PUGET SOUND ENERGY INC||CITY OF TACOMA - (WA),53033032330.0
5YJ3E1EA2J,Benton,Kennewick,WA,99338.0,2018,TESLA,MODEL 3,Battery Electric Vehicle (BEV),Clean Alternative Fuel Vehicle Eligible,215.0,16.0,272703147,POINT (-119.3118 46.20665),BONNEVILLE POWER ADMINISTRATION||PUD NO 1 OF BENTON COUNTY,53005010811.0
5YJ3E1EB4N,King,Redmond,WA,98053.0,2022,TESLA,MODEL 3,Battery Electric Vehicle (BEV),Eligibility unknown as battery range has not been researched,0.0,45.0,194033528,POINT (-122.03287 47.68555),PUGET SOUND ENERGY INC||CITY OF TACOMA - (WA),53033032332.0
7SAYGDEEXT,Clark,Camas,WA,98607.0,2026,TESLA,MODEL Y,Battery Electric Vehicle (BEV),Eligibility unknown as battery range has not been researched,0.0,18.0,286532403,POINT (-122.40199 45.58694),BONNEVILLE POWER ADMINISTRATION||PUD NO 1 OF CLARK COUNTY - (WA),53011040605.0
1G1FW6S03J,Snohomish,Bothell,WA,98021.0,2018,CHEVROLET,BOLT EV,Battery Electric Vehicle (BEV),Clean Alternative Fuel Vehicle Eligible,238.0,1.0,187858821,POINT (-122.18384 47.8031),PUGET SOUND ENERGY INC,53061051926.0
7PDSGABA3P,King,Sammamish,WA,98075.0,2023,RIVIAN,R1S,Battery Electric Vehicle (BEV),Eligibility unknown as battery range has not been researched,0.0,41.0,249618687,POINT (-122.03539 47.61344),PUGET SOUND ENERGY INC||CITY OF TACOMA - (WA),53033032218.0
WAUTPBFF5G,Kittitas,Cle Elum,WA,98922.0,2016,AUDI,A3,Plug-in Hybrid Electric Vehicle (PHEV),Not eligible due to low battery range,16.0,13.0,210898670,POINT (-120.93943 47.195),PUGET SOUND ENERGY INC,53037975102.0
1N4AZ1CP1J,Snohomish,Mukilteo,WA,98275.0,2018,NISSAN,LEAF,Battery Electric Vehicle (BEV),Clean Alternative Fuel Vehicle Eligible,151.0,21.0,238473847,POINT (-122.29196 47.89908),PUGET SOUND ENERGY INC,53061042001.0
5YJ3E1EA0S,King,Burien,WA,98146.0,2025,TESLA,MODEL 3,Battery Electric Vehicle (BEV),Eligibility unknown as battery range has not been researched,0.0,34.0,282251581,POINT (-122.36178 47.49408),CITY OF SEATTLE - (WA)|CITY OF TACOMA - (WA),53033026802.0
1G1RE6E41E,Whatcom,Blaine,WA,98230.0,2014,CHEVROLET,VOLT,Plug-in Hybrid Electric Vehicle (PHEV),Clean Alternative Fuel Vehicle Eligible,38.0,42.0,115247919,POINT (-122.74823 48.99405),CITY OF BLAINE - (WA)||PUD NO 1 OF WHATCOM COUNTY,53073010409.0
7SAYGDEE6P,King,Vashon,WA,98070.0,2023,TESLA,MODEL Y,Battery Electric Vehicle (BEV),Eligibility unknown as battery range has not been researched,0.0,34.0,254630792,POINT (-122.4573 47.44929),PUGET SOUND ENERGY INC||CITY OF TACOMA - (WA),53033027702.0
5YJ3E1EA8M,King,Mercer Island,WA,98040.0,2021,TESLA,MODEL 3,Battery Electric Vehicle (BEV),Eligibility unknown as battery range has not been researched,0.0,41.0,137234380,POINT (-122.21238 47.57816),PUGET SOUND ENERGY INC||CITY OF TACOMA - (WA),53033024602.0
YV4BR0CK2M,King,Bellevue,WA,98005.0,2021,VOLVO,XC90,Plug-in Hybrid Electric Vehicle (PHEV),Not eligible due to low battery range,18.0,48.0,141796147,POINT (-122.1621 47.64441),PUGET SOUND ENERGY INC||CITY OF TACOMA - (WA),53033023601.0
7SAYGDEE5T,King,Sammamish,WA,98074.0,2026,TESLA,MODEL Y,Battery Electric Vehicle (BEV),Eligibility unknown as battery range has not been researched,0.0,45.0,282601560,POINT (-122.02054 47.60326),PUGET SOUND ENERGY INC||CITY OF TACOMA - (WA),53033032225.0
5YJYGDEE3M,King,Redmond,WA,98052.0,2021,TESLA,MODEL Y,Battery Electric Vehicle (BEV),Eligibility unknown as battery range has not been researched,0.0,48.0,148908889,POINT (-122.13158 47.67858),PUGET SOUND ENERGY INC||CITY OF TACOMA - (WA),53033022605.0
4JGDM2EBXP,King,Sammamish,WA,98074.0,2023,MERCEDES-BENZ,EQS-CLASS SUV,Battery Electric Vehicle (BEV),Eligibility unknown as battery range has not been researched,0.0,45.0,236571198,POINT (-122.02054 47.60326),PUGET SOUND ENERGY INC||CITY OF TACOMA - (WA),53033032217.0
3FA6P0SU1G,Clark,Vancouver,WA,98686.0,2016,FORD,FUSION,Plug-in Hybrid Electric Vehicle (PHEV),Not eligible due to low battery range,19.0,49.0,278800798,POINT (-122.62731 45.71668),BONNEVILLE POWER ADMINISTRATION||PUD NO 1 OF CLARK COUNTY - (WA),53011040803.0
5YJ3E1EB6N,King,Bothell,WA,98011.0,2022,TESLA,MODEL 3,Battery Electric Vehicle (BEV),Eligibility unknown as battery range has not been researched,0.0,1.0,195552773,POINT (-122.20563 47.76144),PUGET SOUND ENERGY INC||CITY OF TACOMA - (WA),53033021804.0
1GC10VEL5R,King,Enumclaw,WA,98022.0,2024,CHEVROLET,SILVERADO,Battery Electric Vehicle (BEV),Eligibility unknown as battery range has not been researched,0.0,31.0,285135091,POINT (-121.99136 47.20433),PUGET SOUND ENERGY INC||CITY OF TACOMA - (WA),53033031502.0
WVG6YVEB9S,King,Renton,WA,98059.0,2025,VOLKSWAGEN,ID. BUZZ,Battery Electric Vehicle (BEV),Eligibility unknown as battery range has not been researched,0.0,5.0,277064210,POINT (-122.16548 47.53766),PUGET SOUND ENERGY INC||CITY OF TACOMA - (WA),53033025006.0
7SAYGDEE9T,Snohomish,Everett,WA,98203.0,2026,TESLA,MODEL Y,Battery Electric Vehicle (BEV),Eligibility unknown as battery range has not been researched,0.0,38.0,284818383,POINT (-122.23019 47.94949),PUGET SOUND ENERGY INC,53061041400.0
7SAYGDEF7P,King,Seattle,WA,98105.0,2023,TESLA,MODEL Y,Battery Electric Vehicle (BEV),Eligibility unknown as battery range has not been researched,0.0,46.0,245430524,POINT (-122.31307 47.66127),CITY OF SEATTLE - (WA)|CITY OF TACOMA - (WA),53033004102.0
JM3KKEHA4R,King,Vashon,WA,98070.0,2024,MAZDA,CX-90,Plug-in Hybrid Electric Vehicle (PHEV),Not eligible due to low battery range,26.0,34.0,267476891,POINT (-122.4573 47.44929),PUGET SOUND ENERGY INC||CITY OF TACOMA - (WA),53033027702.0
KMHM34AC1S,Pacific,Long Beach,WA,98631.0,2025,HYUNDAI,IONIQ 6,Battery Electric Vehicle (BEV),Eligibility unknown as battery range has not been researched,0.0,19.0,287837602,POINT (-124.05439 46.35232),BONNEVILLE POWER ADMINISTRATION||PUD NO 2 OF PACIFIC COUNTY,53049950702.0
7SAYGDEEXP,Clark,Vancouver,WA,98661.0,2023,TESLA,MODEL Y,Battery Electric Vehicle (BEV),Eligibility unknown as battery range has not been researched,0.0,49.0,228050812,POINT (-122.62934 45.63201),BONNEVILLE POWER ADMINISTRATION||PUD NO 1 OF CLARK COUNTY - (WA),53011041105.0
KNDC34LA8R,Pierce,Puyallup,WA,98372.0,2024,KIA,EV6,Battery Electric Vehicle (BEV),Eligibility unknown as battery range has not been researched,0.0,25.0,272460891,POINT (-122.29109 47.23693),PUGET SOUND ENERGY INC||CITY OF TACOMA - (WA),53053071210.0
KMHM34AC5R,King,Seattle,WA,98102.0,2024,HYUNDAI,IONIQ 6,Battery Electric Vehicle (BEV),Eligibility unknown as battery range has not been researched,0.0,43.0,275918380,POINT (-122.32427 47.63433),CITY OF SEATTLE - (WA)|CITY OF TACOMA - (WA),53033007501.0
7SAYGAEE6R,Snohomish,Lynnwood,WA,98037.0,2024,TESLA,MODEL Y,Battery Electric Vehicle (BEV),Eligibility unknown as battery range has not been researched,0.0,32.0,271735292,POINT (-122.27734 47.83785),PUGET SOUND ENERGY INC,53061051602.0
5YJ3E1EB4M,King,Kirkland,WA,98033.0,2021,TESLA,MODEL 3,Battery Electric Vehicle (BEV),Eligibility unknown as battery range has not been researched,0.0,45.0,161839898,POINT (-122.2066 47.67887),PUGET SOUND ENERGY INC||CITY OF TACOMA - (WA),53033022502.0
1C4RJXR60S,King,Tukwila,WA,98188.0,2025,JEEP,WRANGLER,Plug-in Hybrid Electric Vehicle (PHEV),Not eligible due to low battery range,21.0,11.0,281155591,POINT (-122.27979 47.44952),PUGET SOUND ENERGY INC||CITY OF TACOMA - (WA),53033028200.0
7SAYGDEEXP,King,Seattle,WA,98107.0,2023,TESLA,MODEL Y,Battery Electric Vehicle (BEV),Eligibility unknown as battery range has not been researched,0.0,36.0,237991575,POINT (-122.38591 47.67597),CITY OF SEATTLE - (WA)|CITY OF TACOMA - (WA),53033004702.0
7SAYGDEEXP,Snohomish,Snohomish,WA,98296.0,2023,TESLA,MODEL Y,Battery Electric Vehicle (BEV),Eligibility unknown as battery range has not been researched,0.0,44.0,230766126,POINT (-122.1389 47.87115),PUGET SOUND ENERGY INC,53061052121.0
7SAYGDEE0P,King,Redmond,WA,98053.0,2023,TESLA,MODEL Y,Battery Electric Vehicle (BEV),Eligibility unknown as battery range has not been researched,0.0,45.0,285053625,POINT (-122.03287 47.68555),PUGET SOUND ENERGY INC||CITY OF TACOMA - (WA),53033032332.0
2C4RC1R75M,Clark,Vancouver,WA,98686.0,2021,CHRYSLER,PACIFICA,Plug-in Hybrid Electric Vehicle (PHEV),Clean Alternative Fuel Vehicle Eligible,32.0,17.0,148322660,POINT (-122.62731 45.71668),BONNEVILLE POWER ADMINISTRATION||PUD NO 1 OF CLARK COUNTY - (WA),53011040412.0
KNDPZDDH1R,King,Kirkland,WA,98033.0,2024,KIA,SPORTAGE,Plug-in Hybrid Electric Vehicle (PHEV),Clean Alternative Fuel Vehicle Eligible,34.0,45.0,261848695,POINT (-122.2066 47.67887),PUGET SOUND ENERGY INC||CITY OF TACOMA - (WA),53033022006.0
7FCEHEB79P,Kitsap,Bremerton,WA,98312.0,2023,RIVIAN,EDV,Battery Electric Vehicle (BEV),Eligibility unknown as battery range has not been researched,0.0,35.0,269518329,POINT (-122.65223 47.57192),PUGET SOUND ENERGY INC,53035092101.0
7SAYGDEE0P,King,Bellevue,WA,98004.0,2023,TESLA,MODEL Y,Battery Electric Vehicle (BEV),Eligibility unknown as battery range has not been researched,0.0,48.0,230094735,POINT (-122.1872 47.61001),PUGET SOUND ENERGY INC||CITY OF TACOMA - (WA),53033023806.0
1GT10BDD4R,Pierce,Puyallup,WA,98371.0,2024,GMC,HUMMER EV PICKUP,Battery Electric Vehicle (BEV),Eligibility unknown as battery range has not been researched,0.0,31.0,269602728,POINT (-122.29521 47.19045),PUGET SOUND ENERGY INC||CITY OF TACOMA - (WA),53053940009.0
KMHM24AC9P,King,Seattle,WA,98133.0,2023,HYUNDAI,IONIQ 6,Battery Electric Vehicle (BEV),Eligibility unknown as battery range has not been researched,0.0,32.0,257943430,POINT (-122.34477 47.75744),CITY OF SEATTLE - (WA)|CITY OF TACOMA - (WA),53033000402.0
KNDJX3AE5G,King,Bellevue,WA,98004.0,2016,KIA,SOUL,Battery Electric Vehicle (BEV),Clean Alternative Fuel Vehicle Eligible,93.0,48.0,159884980,POINT (-122.1872 47.61001),PUGET SOUND ENERGY INC||CITY OF TACOMA - (WA),53033024001.0
1G1FW6S01N,Clark,Vancouver,WA,98660.0,2022,CHEVROLET,BOLT EV,Battery Electric Vehicle (BEV),Eligibility unknown as battery range has not been researched,0.0,49.0,271904069,POINT (-122.67156 45.63248),BONNEVILLE POWER ADMINISTRATION||PUD NO 1 OF CLARK COUNTY - (WA),53011041005.0
WB523CF05S,Snohomish,Snohomish,WA,98290.0,2025,BMW,IX,Battery Electric Vehicle (BEV),Eligibility unknown as battery range has not been researched,0.0,44.0,280521650,POINT (-122.09305 47.91265),PUGET SOUND ENERGY INC,53061052401.0
KNDCM3LD8K,Kitsap,Bremerton,WA,98311.0,2019,KIA,NIRO,Plug-in Hybrid Electric Vehicle (PHEV),Not eligible due to low battery range,26.0,23.0,3520548,POINT (-122.60915 47.62631),PUGET SOUND ENERGY INC,53035091701.0
7SAYGDEE0P,Snohomish,Bothell,WA,98021.0,2023,TESLA,MODEL Y,Battery Electric Vehicle (BEV),Eligibility unknown as battery range has not been researched,0.0,1.0,251295236,POINT (-122.18384 47.8031),PUGET SOUND ENERGY INC,53061051938.0
5YJ3E1EA1P,Clark,Washougal,WA,98671.0,2023,TESLA,MODEL 3,Battery Electric Vehicle (BEV),Eligibility unknown as battery range has not been researched,0.0,18.0,262113953,POINT (-122.35341 45.57923),BONNEVILLE POWER ADMINISTRATION||PUD NO 1 OF CLARK COUNTY - (WA),53011040510.0
WBY33AW06P,King,Kirkland,WA,98034.0,2023,BMW,I4,Battery Electric Vehicle (BEV),Eligibility unknown as battery range has not been researched,0.0,1.0,227491197,POINT (-122.22901 47.72201),PUGET SOUND ENERGY INC||CITY OF TACOMA - (WA),53033022300.0
WVGJNPE25M,Snohomish,Edmonds,WA,98026.0,2021,VOLKSWAGEN,ID.4,Battery Electric Vehicle (BEV),Eligibility unknown as battery range has not been researched,0.0,32.0,193893094,POINT (-122.31768 47.87166),PUGET SOUND ENERGY INC,53061050800.0
1G1RC6S56H,King,Seattle,WA,98136.0,2017,CHEVROLET,VOLT,Plug-in Hybrid Electric Vehicle (PHEV),Clean Alternative Fuel Vehicle Eligible,53.0,34.0,270836401,POINT (-122.38415 47.53755),CITY OF SEATTLE - (WA)|CITY OF TACOMA - (WA),53033010602.0
JTMABABA6P,Benton,Richland,WA,99352.0,2023,SUBARU,SOLTERRA,Battery Electric Vehicle (BEV),Eligibility unknown as battery range has not been researched,0.0,8.0,257748795,POINT (-119.27372 46.27391),BONNEVILLE POWER ADMINISTRATION||CITY OF RICHLAND - (WA),53005010400.0
5YJYGDEE2L,Spokane,Spokane,WA,99203.0,2020,TESLA,MODEL Y,Battery Electric Vehicle (BEV),Clean Alternative Fuel Vehicle Eligible,291.0,3.0,166133341,POINT (-117.39322 47.63374),MODERN ELECTRIC WATER COMPANY,53063004500.0
5YJSA1E27J,King,Bellevue,WA,98004.0,2018,TESLA,MODEL S,Battery Electric Vehicle (BEV),Clean Alternative Fuel Vehicle Eligible,249.0,41.0,125926832,POINT (-122.1872 47.61001),PUGET SOUND ENERGY INC||CITY OF TACOMA - (WA),53033023901.0
7SAYGDEEXT,Thurston,Olympia,WA,98502.0,2026,TESLA,MODEL Y,Battery Electric Vehicle (BEV),Eligibility unknown as battery range has not been researched,0.0,35.0,286087945,POINT (-122.92333 47.03779),PUGET SOUND ENERGY INC,53067011901.0
SAL119F4XS,Spokane,Spokane,WA,99202.0,2025,LAND ROVER,RANGE ROVER SPORT,Plug-in Hybrid Electric Vehicle (PHEV),Clean Alternative Fuel Vehicle Eligible,58.0,3.0,278149539,POINT (-117.3797 47.65548),MODERN ELECTRIC WATER COMPANY,53063014500.0
5YJ3E1EA1M,Pierce,University Place,WA,98467.0,2021,TESLA,MODEL 3,Battery Electric Vehicle (BEV),Eligibility unknown as battery range has not been researched,0.0,28.0,144399034,POINT (-122.54045 47.20742),BONNEVILLE POWER ADMINISTRATION||CITY OF TACOMA - (WA)||PENINSULA LIGHT COMPANY,53053072315.0
KNDADFS55R,King,Renton,WA,98058.0,2024,KIA,EV9,Battery Electric Vehicle (BEV),Eligibility unknown as battery range has not been researched,0.0,11.0,268325228,POINT (-122.08747 47.4466),PUGET SOUND ENERGY INC||CITY OF TACOMA - (WA),53033029304.0
7SAYGDEE8R,King,Issaquah,WA,98029.0,2024,TESLA,MODEL Y,Battery Electric Vehicle (BEV),Eligibility unknown as battery range has not been researched,0.0,41.0,273831582,POINT (-122.00292 47.54748),PUGET SOUND ENERGY INC||CITY OF TACOMA - (WA),53033032219.0
3GPKHXRJ6R,Kitsap,Silverdale,WA,98383.0,2024,HONDA,PROLOGUE,Battery Electric Vehicle (BEV),Eligibility unknown as battery range has not been researched,0.0,23.0,277837654,POINT (-122.69275 47.65171),PUGET SOUND ENERGY INC,53035091206.0
7SAYGDED3T,King,Seattle,WA,98125.0,2026,TESLA,MODEL Y,Battery Electric Vehicle (BEV),Eligibility unknown as battery range has not been researched,0.0,46.0,281848955,POINT (-122.30253 47.72656),CITY OF SEATTLE - (WA)|CITY OF TACOMA - (WA),53033001202.0
5YJSA1E25G,King,Lake Forest Park,WA,98155.0,2016,TESLA,MODEL S,Battery Electric Vehicle (BEV),Clean Alternative Fuel Vehicle Eligible,210.0,46.0,101727706,POINT (-122.27794 47.75462),PUGET SOUND ENERGY INC||CITY OF TACOMA - (WA),53033021500.0
1C4JJXR68P,Clark,Brush Prairie,WA,98606.0,2023,JEEP,WRANGLER,Plug-in Hybrid Electric Vehicle (PHEV),Not eligible due to low battery range,21.0,17.0,236632931,POINT (-122.54578 45.73473),BONNEVILLE POWER ADMINISTRATION||PUD NO 1 OF CLARK COUNTY - (WA),53011040715.0
1C4RJXP69S,King,Kirkland,WA,98034.0,2025,JEEP,WRANGLER,Plug-in Hybrid Electric Vehicle (PHEV),Not eligible due to low battery range,21.0,45.0,278947329,POINT (-122.22901 47.72201),PUGET SOUND ENERGY INC||CITY OF TACOMA - (WA),53033021903.0
7SAYGDED1R,Cowlitz,Kelso,WA,98626.0,2024,TESLA,MODEL Y,Battery Electric Vehicle (BEV),Eligibility unknown as battery range has not been researched,0.0,19.0,263290352,POINT (-122.89867 46.14424),BONNEVILLE POWER ADMINISTRATION||PUD NO 1 OF COWLITZ COUNTY,53015000901.0
1N4AZ0CP5D,Snohomish,Everett,WA,98208.0,2013,NISSAN,LEAF,Battery Electric Vehicle (BEV),Clean Alternative Fuel Vehicle Eligible,75.0,21.0,139526880,POINT (-122.18637 47.89251),PUGET SOUND ENERGY INC,53061041813.0
5YJ3E1EA9R,Clark,Camas,WA,98607.0,2024,TESLA,MODEL 3,Battery Electric Vehicle (BEV),Eligibility unknown as battery range has not been researched,0.0,18.0,262307349,POINT (-122.40199 45.58694),BONNEVILLE POWER ADMINISTRATION||PUD NO 1 OF CLARK COUNTY - (WA),53011040608.0
5YJ3E1EA7K,Clallam,Sequim,WA,98382.0,2019,TESLA,MODEL 3,Battery Electric Vehicle (BEV),Clean Alternative Fuel Vehicle Eligible,220.0,24.0,314912888,POINT (-123.10367 48.07965),BONNEVILLE POWER ADMINISTRATION||PUD NO 1 OF CLALLAM COUNTY,53009002302.0
KNDCE3LG6M,Lewis,Centralia,WA,98531.0,2021,KIA,NIRO,Battery Electric Vehicle (BEV),Eligibility unknown as battery range has not been researched,0.0,20.0,256108387,POINT (-122.95266 46.72895),BONNEVILLE POWER ADMINISTRATION||CITY OF TACOMA - (WA)||PUD NO 1 OF LEWIS COUNTY,53041970500.0
5YJ3E1EA5P,King,Redmond,WA,98052.0,2023,TESLA,MODEL 3,Battery Electric Vehicle (BEV),Eligibility unknown as battery range has not been researched,0.0,48.0,260128956,POINT (-122.13158 47.67858),PUGET SOUND ENERGY INC||CITY OF TACOMA - (WA),53033022803.0
KNDCS3LF3P,Thurston,Lacey,WA,98503.0,2023,KIA,NIRO,Plug-in Hybrid Electric Vehicle (PHEV),Clean Alternative Fuel Vehicle Eligible,33.0,22.0,227682549,POINT (-122.82324 47.04437),PUGET SOUND ENERGY INC,53067011422.0
1G1RD6S54H,Kitsap,Port Orchard,WA,98366.0,2017,CHEVROLET,VOLT,Plug-in Hybrid Electric Vehicle (PHEV),Clean Alternative Fuel Vehicle Eligible,53.0,26.0,266712687,POINT (-122.63847 47.54103),PUGET SOUND ENERGY INC,53035092701.0
5YJ3E1EA7L,Pierce,Puyallup,WA,98375.0,2020,TESLA,MODEL 3,Battery Electric Vehicle (BEV),Clean Alternative Fuel Vehicle Eligible,266.0,2.0,103183916,POINT (-122.30855 47.10424),BONNEVILLE POWER ADMINISTRATION||CITY OF TACOMA - (WA)||PENINSULA LIGHT COMPANY,53053073126.0
7SAYGAEE9P,King,Redmond,WA,98052.0,2023,TESLA,MODEL Y,Battery Electric Vehicle (BEV),Eligibility unknown as battery range has not been researched,0.0,45.0,261197604,POINT (-122.13158 47.67858),PUGET SOUND ENERGY INC||CITY OF TACOMA - (WA),53033022605.0
5YJXCBE29J,King,Burien,WA,98168.0,2018,TESLA,MODEL X,Battery Electric Vehicle (BEV),Clean Alternative Fuel Vehicle Eligible,238.0,34.0,140851889,POINT (-122.3317 47.50314),CITY OF SEATTLE - (WA)|CITY OF TACOMA - (WA),53033027000.0
KM8KMDAF6N,Pierce,Tacoma,WA,98405.0,2022,HYUNDAI,IONIQ 5,Battery Electric Vehicle (BEV),Eligibility unknown as battery range has not been researched,0.0,27.0,195055339,POINT (-122.48271 47.24737),BONNEVILLE POWER ADMINISTRATION||CITY OF TACOMA - (WA)||PENINSULA LIGHT COMPANY,53053061200.0
5YJ3E1EA2K,King,Seatac,WA,98198.0,2019,TESLA,MODEL 3,Battery Electric Vehicle (BEV),Clean Alternative Fuel Vehicle Eligible,220.0,33.0,282573840,POINT (-122.31991 47.40814),PUGET SOUND ENERGY INC||CITY OF TACOMA - (WA),53033029101.0
7SYEA3YB2S,King,Kirkland,WA,98033.0,2025,POLESTAR,POLESTAR 3,Battery Electric Vehicle (BEV),Eligibility unknown as battery range has not been researched,0.0,48.0,279174780,POINT (-122.2066 47.67887),PUGET SOUND ENERGY INC||CITY OF TACOMA - (WA),53033022402.0
WB523CF05R,King,Covington,WA,98042.0,2024,BMW,IX,Battery Electric Vehicle (BEV),Eligibility unknown as battery range has not been researched,0.0,47.0,251851407,POINT (-122.1179 47.35896),PUGET SOUND ENERGY INC||CITY OF TACOMA - (WA),53033031705.0
5YJYGDEE0M,Island,Freeland,WA,98249.0,2021,TESLA,MODEL Y,Battery Electric Vehicle (BEV),Eligibility unknown as battery range has not been researched,0.0,10.0,151190112,POINT (-122.52664 48.00956),PUGET SOUND ENERGY INC,53029971301.0
50EA1GBA7S,Clark,Washougal,WA,98671.0,2025,LUCID,AIR,Battery Electric Vehicle (BEV),Eligibility unknown as battery range has not been researched,0.0,18.0,275017480,POINT (-122.35341 45.57923),BONNEVILLE POWER ADMINISTRATION||PUD NO 1 OF CLARK COUNTY - (WA),53011040510.0
5LMTJ5DZ8P,Pierce,Bonney Lake,WA,98391.0,2023,LINCOLN,CORSAIR,Plug-in Hybrid Electric Vehicle (PHEV),Not eligible due to low battery range,28.0,31.0,252545114,POINT (-122.17144 47.19175),PUGET SOUND ENERGY INC||CITY OF TACOMA - (WA),53053070208.0
7SAYGAEE4P,Snohomish,Everett,WA,98204.0,2023,TESLA,MODEL Y,Battery Electric Vehicle (BEV),Eligibility unknown as battery range has not been researched,0.0,21.0,240524777,POINT (-122.27557 47.88936),PUGET SOUND ENERGY INC,53061041809.0
2C4RC1L76M,Okanogan,Winthrop,WA,98862.0,2021,CHRYSLER,PACIFICA,Plug-in Hybrid Electric Vehicle (PHEV),Clean Alternative Fuel Vehicle Eligible,32.0,12.0,166593780,POINT (-120.17739 48.47396),"OKANOGAN COUNTY ELEC COOP, INC",53047970900.0
7FCTGAAL3P,Snohomish,Lake Stevens,WA,98258.0,2023,RIVIAN,R1T,Battery Electric Vehicle (BEV),Eligibility unknown as battery range has not been researched,0.0,44.0,237899070,POINT (-122.06402 48.01497),PUGET SOUND ENERGY INC,53061052605.0
KNDRJDJH7S,King,Seatac,WA,98032.0,2025,KIA,SORENTO,Plug-in Hybrid Electric Vehicle (PHEV),Clean Alternative Fuel Vehicle Eligible,30.0,33.0,282751962,POINT (-122.23741 47.3807),PUGET SOUND ENERGY INC||CITY OF TACOMA - (WA),53033028300.0
7SAYGDEE0P,King,Seattle,WA,98178.0,2023,TESLA,MODEL Y,Battery Electric Vehicle (BEV),Eligibility unknown as battery range has not been researched,0.0,37.0,239895533,POINT (-122.23825 47.49461),CITY OF SEATTLE - (WA)|CITY OF TACOMA - (WA),53033011902.0
7SAYGDEE4T,Clark,Vancouver,WA,98683.0,2026,TESLA,MODEL Y,Battery Electric Vehicle (BEV),Eligibility unknown as battery range has not been researched,0.0,18.0,283080668,POINT (-122.49212 45.60365),BONNEVILLE POWER ADMINISTRATION||PUD NO 1 OF CLARK COUNTY - (WA),53011041325.0
2C4RC1L7XM,Kitsap,Bainbridge Island,WA,98110.0,2021,CHRYSLER,PACIFICA,Plug-in Hybrid Electric Vehicle (PHEV),Clean Alternative Fuel Vehicle Eligible,32.0,23.0,280943785,POINT (-122.521 47.62732),PUGET SOUND ENERGY INC,53035091002.0
5NMMCET18R,King,Seattle,WA,98106.0,2024,GENESIS,GV70,Battery Electric Vehicle (BEV),Eligibility unknown as battery range has not been researched,0.0,34.0,268354684,POINT (-122.35163 47.54287),CITY OF SEATTLE - (WA)|CITY OF TACOMA - (WA),53033011300.0
7YAMYFS58T,Snohomish,Marysville,WA,98271.0,2026,HYUNDAI,IONIQ 9,Battery Electric Vehicle (BEV),Eligibility unknown as battery range has not been researched,0.0,38.0,285717603,POINT (-122.17138 48.10433),PUGET SOUND ENERGY INC,53061940001.0
5YJSA1E25G,Clark,Vancouver,WA,98662.0,2016,TESLA,MODEL S,Battery Electric Vehicle (BEV),Clean Alternative Fuel Vehicle Eligible,210.0,49.0,151705347,POINT (-122.57722 45.64251),BONNEVILLE POWER ADMINISTRATION||PUD NO 1 OF CLARK COUNTY - (WA),53011041114.0
5YJ3E1EA3P,Pierce,Gig Harbor,WA,98329.0,2023,TESLA,MODEL 3,Battery Electric Vehicle (BEV),Eligibility unknown as battery range has not been researched,0.0,26.0,251649177,POINT (-122.6658 47.38336),BONNEVILLE POWER ADMINISTRATION||CITY OF TACOMA - (WA)||PENINSULA LIGHT COMPANY,53053072602.0
5YJYGDEE0M,Whatcom,Bellingham,WA,98225.0,2021,TESLA,MODEL Y,Battery Electric Vehicle (BEV),Eligibility unknown as battery range has not been researched,0.0,42.0,157397096,POINT (-122.47091 48.75256),PUGET SOUND ENERGY INC||PUD NO 1 OF WHATCOM COUNTY,53073000502.0
5YJ3E1EB7N,Pierce,Bonney Lake,WA,98391.0,2022,TESLA,MODEL 3,Battery Electric Vehicle (BEV),Eligibility unknown as battery range has not been researched,0.0,31.0,186384005,POINT (-122.17144 47.19175),PUGET SOUND ENERGY INC||CITY OF TACOMA - (WA),53053070312.0
5YJSA1CG9D,Chelan,Wenatchee,WA,98801.0,2013,TESLA,MODEL S,Battery Electric Vehicle (BEV),Clean Alternative Fuel Vehicle Eligible,208.0,12.0,107461490,POINT (-120.30521 47.41493),PUD NO 1 OF CHELAN COUNTY,53007961303.0
JN1DF0BB6P,King,Renton,WA,98055.0,2023,NISSAN,ARIYA HATCHBACK,Battery Electric Vehicle (BEV),Eligibility unknown as battery range has not been researched,0.0,11.0,286001439,POINT (-122.20784 47.46004),PUGET SOUND ENERGY INC||CITY OF TACOMA - (WA),53033025704.0
7SAYGDEE0R,King,Woodinville,WA,98072.0,2024,TESLA,MODEL Y,Battery Electric Vehicle (BEV),Eligibility unknown as battery range has not been researched,0.0,45.0,261879964,POINT (-122.15545 47.75448),PUGET SOUND ENERGY INC||CITY OF TACOMA - (WA),53033032326.0
3FMTK3R7XR,King,Seattle,WA,98103.0,2024,FORD,MUSTANG MACH-E,Battery Electric Vehicle (BEV),Eligibility unknown as battery range has not been researched,0.0,43.0,271880290,POINT (-122.35436 47.67596),CITY OF SEATTLE - (WA)|CITY OF TACOMA - (WA),53033003601.0
3FMTK3SU8P,Chelan,Wenatchee,WA,98801.0,2023,FORD,MUSTANG MACH-E,Battery Electric Vehicle (BEV),Eligibility unknown as battery range has not been researched,0.0,12.0,267137258,POINT (-120.30521 47.41493),PUD NO 1 OF CHELAN COUNTY,53007960700.0
5YJ3E1EA1P,Pierce,University Place,WA,98467.0,2023,TESLA,MODEL 3,Battery Electric Vehicle (BEV),Eligibility unknown as battery range has not been researched,0.0,28.0,232906887,POINT (-122.54045 47.20742),BONNEVILLE POWER ADMINISTRATION||CITY OF TACOMA - (WA)||PENINSULA LIGHT COMPANY,53053072312.0
5YJXCAE24H,King,Redmond,WA,98053.0,2017,TESLA,MODEL X,Battery Electric Vehicle (BEV),Clean Alternative Fuel Vehicle Eligible,200.0,45.0,221407420,POINT (-122.03287 47.68555),PUGET SOUND ENERGY INC||CITY OF TACOMA - (WA),53033032328.0
3FMTK3SU6M,Snohomish,Lynnwood,WA,98037.0,2021,FORD,MUSTANG MACH-E,Battery Electric Vehicle (BEV),Eligibility unknown as battery range has not been researched,0.0,32.0,170391525,POINT (-122.27734 47.83785),PUGET SOUND ENERGY INC,53061051602.0
3GPKHZRJ3R,King,Kent,WA,98030.0,2024,HONDA,PROLOGUE,Battery Electric Vehicle (BEV),Eligibility unknown as battery range has not been researched,0.0,47.0,273458804,POINT (-122.224 47.37943),PUGET SOUND ENERGY INC||CITY OF TACOMA - (WA),53033029506.0
5YJYGAEEXM,King,Seattle,WA,98119.0,2021,TESLA,MODEL Y,Battery Electric Vehicle (BEV),Eligibility unknown as battery range has not been researched,0.0,36.0,264463601,POINT (-122.3684 47.64586),CITY OF SEATTLE - (WA)|CITY OF TACOMA - (WA),53033005901.0
7SAYGDEE6T,Jefferson,Port Townsend,WA,98368.0,2026,TESLA,MODEL Y,Battery Electric Vehicle (BEV),Eligibility unknown as battery range has not been researched,0.0,24.0,278208129,POINT (-122.77263 48.1212),BONNEVILLE POWER ADMINISTRATION||PUGET SOUND ENERGY INC||PUD NO 1 OF JEFFERSON COUNTY,53031950604.0
KMUKEDSB8R,Clark,Vancouver,WA,98685.0,2024,GENESIS,GV60,Battery Electric Vehicle (BEV),Eligibility unknown as battery range has not been researched,0.0,18.0,277508794,POINT (-122.70303 45.70954),BONNEVILLE POWER ADMINISTRATION||PUD NO 1 OF CLARK COUNTY - (WA),53011040904.0
1FADP5FU3H,Jefferson,Port Townsend,WA,98368.0,2017,FORD,C-MAX,Plug-in Hybrid Electric Vehicle (PHEV),Not eligible due to low battery range,20.0,24.0,348365069,POINT (-122.77263 48.1212),BONNEVILLE POWER ADMINISTRATION||PUGET SOUND ENERGY INC||PUD NO 1 OF JEFFERSON COUNTY,53031950602.0
1V2JSPE88S,King,Kirkland,WA,98033.0,2025,VOLKSWAGEN,ID.4,Battery Electric Vehicle (BEV),Eligibility unknown as battery range has not been researched,0.0,48.0,282825182,POINT (-122.2066 47.67887),PUGET SOUND ENERGY INC||CITY OF TACOMA - (WA),53033022501.0
1V2WSPE8XS,King,Seattle,WA,98136.0,2025,VOLKSWAGEN,ID.4,Battery Electric Vehicle (BEV),Eligibility unknown as battery range has not been researched,0.0,34.0,285184588,POINT (-122.38415 47.53755),CITY OF SEATTLE - (WA)|CITY OF TACOMA - (WA),53033011602.0
5UX43EU04S,King,Seattle,WA,98117.0,2025,BMW,X5,Plug-in Hybrid Electric Vehicle (PHEV),Clean Alternative Fuel Vehicle Eligible,40.0,36.0,285264437,POINT (-122.38418 47.70044),CITY OF SEATTLE - (WA)|CITY OF TACOMA - (WA),53033001702.0
2C4RC1S79R,King,Kent,WA,98035.0,2024,CHRYSLER,PACIFICA,Plug-in Hybrid Electric Vehicle (PHEV),Clean Alternative Fuel Vehicle Eligible,32.0,33.0,272439618,POINT (-122.23427 47.3805),PUGET SOUND ENERGY INC||CITY OF TACOMA - (WA),53033029701.0
W1N9M0CB0P,King,Seattle,WA,98136.0,2023,MERCEDES-BENZ,EQB-CLASS,Battery Electric Vehicle (BEV),Eligibility unknown as battery range has not been researched,0.0,34.0,238117645,POINT (-122.38415 47.53755),CITY OF SEATTLE - (WA)|CITY OF TACOMA - (WA),53033011602.0
7SAYGAEE9R,King,Renton,WA,98059.0,2024,TESLA,MODEL Y,Battery Electric Vehicle (BEV),Eligibility unknown as battery range has not been researched,0.0,11.0,261051556,POINT (-122.16548 47.53766),PUGET SOUND ENERGY INC||CITY OF TACOMA - (WA),53033031913.0
2C4RC1N76H,King,Seattle,WA,98108.0,2017,CHRYSLER,PACIFICA,Plug-in Hybrid Electric Vehicle (PHEV),Clean Alternative Fuel Vehicle Eligible,33.0,11.0,1203331,POINT (-122.30346 47.55379),CITY OF SEATTLE - (WA)|CITY OF TACOMA - (WA),53033010402.0
1G1FY6S0XP,Pierce,University Place,WA,98467.0,2023,CHEVROLET,BOLT EUV,Battery Electric Vehicle (BEV),Eligibility unknown as battery range has not been researched,0.0,28.0,228444212,POINT (-122.54045 47.20742),BONNEVILLE POWER ADMINISTRATION||CITY OF TACOMA - (WA)||PENINSULA LIGHT COMPANY,53053072312.0
1N4BZ1DV0M,King,Auburn,WA,98092.0,2021,NISSAN,LEAF,Battery Electric Vehicle (BEV),Eligibility unknown as battery range has not been researched,0.0,47.0,245297244,POINT (-122.18497 47.28825),PUGET SOUND ENERGY INC||CITY OF TACOMA - (WA),53033029602.0
WA1G2AFY6M,Kitsap,Port Orchard,WA,98367.0,2021,AUDI,Q5 E,Plug-in Hybrid Electric Vehicle (PHEV),Not eligible due to low battery range,18.0,35.0,268696361,POINT (-122.70348 47.52028),PUGET SOUND ENERGY INC,53035092101.0
7PDSGBBA5R,King,Redmond,WA,98053.0,2024,RIVIAN,R1S,Battery Electric Vehicle (BEV),Eligibility unknown as battery range has not been researched,0.0,45.0,263029889,POINT (-122.03287 47.68555),PUGET SOUND ENERGY INC||CITY OF TACOMA - (WA),53033032333.0
KM8JFDD21R,Pierce,Tacoma,WA,98422.0,2024,HYUNDAI,TUCSON,Plug-in Hybrid Electric Vehicle (PHEV),Clean Alternative Fuel Vehicle Eligible,33.0,27.0,260619229,POINT (-122.39471 47.28159),BONNEVILLE POWER ADMINISTRATION||CITY OF TACOMA - (WA)||PENINSULA LIGHT COMPANY,53053940011.0
5YJ3E1EA1P,Clark,Camas,WA,98607.0,2023,TESLA,MODEL 3,Battery Electric Vehicle (BEV),Eligibility unknown as battery range has not been researched,0.0,18.0,260880553,POINT (-122.40199 45.58694),BONNEVILLE POWER ADMINISTRATION||PUD NO 1 OF CLARK COUNTY - (WA),53011040609.0
4JGGM1CB1P,Snohomish,Lynnwood,WA,98036.0,2023,MERCEDES-BENZ,EQE-CLASS SUV,Battery Electric Vehicle (BEV),Eligibility unknown as battery range has not been researched,0.0,1.0,260808285,POINT (-122.29245 47.82557),PUGET SOUND ENERGY INC,53061051932.0
5YJ3E1EA3K,Pierce,Puyallup,WA,98374.0,2019,TESLA,MODEL 3,Battery Electric Vehicle (BEV),Clean Alternative Fuel Vehicle Eligible,220.0,25.0,220803943,POINT (-122.27575 47.13959),PUGET SOUND ENERGY INC||CITY OF TACOMA - (WA),53053073111.0
JTMAAAAA3S,Clark,Vancouver,WA,98685.0,2025,TOYOTA,BZ4X,Battery Electric Vehicle (BEV),Eligibility unknown as battery range has not been researched,0.0,18.0,284726431,POINT (-122.70303 45.70954),BONNEVILLE POWER ADMINISTRATION||PUD NO 1 OF CLARK COUNTY - (WA),53011040907.0
5YJYGDEE4L,King,Kent,WA,98031.0,2020,TESLA,MODEL Y,Battery Electric Vehicle (BEV),Clean Alternative Fuel Vehicle Eligible,291.0,11.0,185901453,POINT (-122.17743 47.41185),PUGET SOUND ENERGY INC||CITY OF TACOMA - (WA),53033029306.0
5YJ3E1EA0S,King,Sammamish,WA,98074.0,2025,TESLA,MODEL 3,Battery Electric Vehicle (BEV),Eligibility unknown as battery range has not been researched,0.0,45.0,280618173,POINT (-122.02054 47.60326),PUGET SOUND ENERGY INC||CITY OF TACOMA - (WA),53033032317.0
7SAYGDEE6P,Thurston,Olympia,WA,98506.0,2023,TESLA,MODEL Y,Battery Electric Vehicle (BEV),Eligibility unknown as battery range has not been researched,0.0,22.0,245781924,POINT (-122.87741 47.05997),PUGET SOUND ENERGY INC,53067012100.0
7SAYGDEE4P,King,Issaquah,WA,98029.0,2023,TESLA,MODEL Y,Battery Electric Vehicle (BEV),Eligibility unknown as battery range has not been researched,0.0,41.0,240382964,POINT (-122.00292 47.54748),PUGET SOUND ENERGY INC||CITY OF TACOMA - (WA),53033032218.0
2C4RC1S70R,King,Renton,WA,98057.0,2024,CHRYSLER,PACIFICA,Plug-in Hybrid Electric Vehicle (PHEV),Clean Alternative Fuel Vehicle Eligible,32.0,11.0,265521196,POINT (-122.20489 47.47532),PUGET SOUND ENERGY INC||CITY OF TACOMA - (WA),53033026200.0
KNAGV4LD9J,Clark,Vancouver,WA,98685.0,2018,KIA,OPTIMA,Plug-in Hybrid Electric Vehicle (PHEV),Not eligible due to low battery range,29.0,18.0,150839244,POINT (-122.70303 45.70954),BONNEVILLE POWER ADMINISTRATION||PUD NO 1 OF CLARK COUNTY - (WA),53011040909.0
KM8HC3A60R,Snohomish,Edmonds,WA,98020.0,2024,HYUNDAI,KONA,Battery Electric Vehicle (BEV),Eligibility unknown as battery range has not been researched,0.0,32.0,268718719,POINT (-122.37689 47.81116),PUGET SOUND ENERGY INC,53061050502.0
5YJ3E1EA8S,King,Seattle,WA,98144.0,2025,TESLA,MODEL 3,Battery Electric Vehicle (BEV),Eligibility unknown as battery range has not been researched,0.0,37.0,276263431,POINT (-122.30866 47.57874),CITY OF SEATTLE - (WA)|CITY OF TACOMA - (WA),53033009000.0
7SAXCDE59P,Snohomish,Bothell,WA,98021.0,2023,TESLA,MODEL X,Battery Electric Vehicle (BEV),Eligibility unknown as battery range has not been researched,0.0,1.0,277742398,POINT (-122.18384 47.8031),PUGET SOUND ENERGY INC,53061051918.0
7SAYGDEE9T,King,Redmond,WA,98052.0,2026,TESLA,MODEL Y,Battery Electric Vehicle (BEV),Eligibility unknown as battery range has not been researched,0.0,48.0,287013485,POINT (-122.13158 47.67858),PUGET SOUND ENERGY INC||CITY OF TACOMA - (WA),53033032324.0
7SAYGDEF9P,Snohomish,Lynnwood,WA,98036.0,2023,TESLA,MODEL Y,Battery Electric Vehicle (BEV),Eligibility unknown as battery range has not been researched,0.0,32.0,224106956,POINT (-122.29245 47.82557),PUGET SOUND ENERGY INC,53061051930.0
5YJ3E1EB7S,King,Bellevue,WA,98005.0,2025,TESLA,MODEL 3,Battery Electric Vehicle (BEV),Eligibility unknown as battery range has not been researched,0.0,48.0,277282421,POINT (-122.1621 47.64441),PUGET SOUND ENERGY INC||CITY OF TACOMA - (WA),53033023702.0
1C4RJXP61S,King,Seatac,WA,98148.0,2025,JEEP,WRANGLER,Plug-in Hybrid Electric Vehicle (PHEV),Not eligible due to low battery range,21.0,33.0,279213371,POINT (-122.32863 47.46233),PUGET SOUND ENERGY INC||CITY OF TACOMA - (WA),53033028500.0
1GYKPYRL5S,King,Woodinville,WA,98072.0,2025,CADILLAC,LYRIQ,Battery Electric Vehicle (BEV),Eligibility unknown as battery range has not been researched,0.0,45.0,287116749,POINT (-122.15545 47.75448),PUGET SOUND ENERGY INC||CITY OF TACOMA - (WA),53033032326.0
WDC0G5EB3K,Spokane,Liberty Lake,WA,99019.0,2019,MERCEDES-BENZ,GLC-CLASS,Plug-in Hybrid Electric Vehicle (PHEV),Not eligible due to low battery range,10.0,4.0,228235906,POINT (-117.1015 47.66829),BONNEVILLE POWER ADMINISTRATION||AVISTA CORP||INLAND POWER & LIGHT COMPANY,53063013205.0
5YJ3E1EA1N,Snohomish,Everett,WA,98208.0,2022,TESLA,MODEL 3,Battery Electric Vehicle (BEV),Eligibility unknown as battery range has not been researched,0.0,1.0,183182478,POINT (-122.18637 47.89251),PUGET SOUND ENERGY INC,53061052114.0
7PDSGABA3R,King,Redmond,WA,98052.0,2024,RIVIAN,R1S,Battery Electric Vehicle (BEV),Eligibility unknown as battery range has not been researched,0.0,45.0,271074842,POINT (-122.13158 47.67858),PUGET SOUND ENERGY INC||CITY OF TACOMA - (WA),53033032321.0
5UX43EU08R,King,Kirkland,WA,98034.0,2024,BMW,X5,Plug-in Hybrid Electric Vehicle (PHEV),Clean Alternative Fuel Vehicle Eligible,39.0,1.0,250948995,POINT (-122.22901 47.72201),PUGET SOUND ENERGY INC||CITY OF TACOMA - (WA),53033022203.0
1N4AZ1CP9L,Pierce,Tacoma,WA,98405.0,2020,NISSAN,LEAF,Battery Electric Vehicle (BEV),Clean Alternative Fuel Vehicle Eligible,149.0,27.0,132186372,POINT (-122.48271 47.24737),BONNEVILLE POWER ADMINISTRATION||CITY OF TACOMA - (WA)||PENINSULA LIGHT COMPANY,53053061300.0
5YJ3E1EB9M,King,Seattle,WA,98116.0,2021,TESLA,MODEL 3,Battery Electric Vehicle (BEV),Eligibility unknown as battery range has not been researched,0.0,34.0,179435553,POINT (-122.41067 47.57894),CITY OF SEATTLE - (WA)|CITY OF TACOMA - (WA),53033009801.0
WBY7Z2C54J,Snohomish,Everett,WA,98203.0,2018,BMW,I3,Battery Electric Vehicle (BEV),Clean Alternative Fuel Vehicle Eligible,114.0,38.0,193779351,POINT (-122.23019 47.94949),PUGET SOUND ENERGY INC,53061041000.0
7PDSGBBA5S,King,Maple Valley,WA,98038.0,2025,RIVIAN,R1S,Battery Electric Vehicle (BEV),Eligibility unknown as battery range has not been researched,0.0,5.0,272534671,POINT (-122.04526 47.39394),PUGET SOUND ENERGY INC||CITY OF TACOMA - (WA),53033032010.0
5YJSA1E22H,King,Bellevue,WA,98006.0,2017,TESLA,MODEL S,Battery Electric Vehicle (BEV),Clean Alternative Fuel Vehicle Eligible,210.0,41.0,177870892,POINT (-122.12096 47.55584),PUGET SOUND ENERGY INC||CITY OF TACOMA - (WA),53033023902.0
JTMABACA2P,Pierce,Tacoma,WA,98444.0,2023,TOYOTA,BZ4X,Battery Electric Vehicle (BEV),Eligibility unknown as battery range has not been researched,0.0,29.0,266903255,POINT (-122.43828 47.15258),BONNEVILLE POWER ADMINISTRATION||CITY OF TACOMA - (WA)||PENINSULA LIGHT COMPANY,53053063502.0
7SAXCBE59S,King,Renton,WA,98059.0,2025,TESLA,MODEL X,Battery Electric Vehicle (BEV),Eligibility unknown as battery range has not been researched,0.0,11.0,279962231,POINT (-122.16548 47.53766),PUGET SOUND ENERGY INC||CITY OF TACOMA - (WA),53033025103.0
5YJYGAEE1M,Snohomish,Bothell,WA,98012.0,2021,TESLA,MODEL Y,Battery Electric Vehicle (BEV),Eligibility unknown as battery range has not been researched,0.0,1.0,161724692,POINT (-122.22038 47.8572),PUGET SOUND ENERGY INC,53061051921.0
5YJ3E1EB2S,Douglas,Rock Island,WA,98850.0,2025,TESLA,MODEL 3,Battery Electric Vehicle (BEV),Eligibility unknown as battery range has not been researched,0.0,12.0,282875428,POINT (-120.14545 47.37163),PUD NO 1 OF DOUGLAS COUNTY,53017950300.0
7SAXCBE64P,Pierce,Gig Harbor,WA,98329.0,2023,TESLA,MODEL X,Battery Electric Vehicle (BEV),Eligibility unknown as battery range has not been researched,0.0,26.0,255502243,POINT (-122.6658 47.38336),BONNEVILLE POWER ADMINISTRATION||CITY OF TACOMA - (WA)||PENINSULA LIGHT COMPANY,53053072601.0
3GN7DLRP8R,King,Covington,WA,98042.0,2024,CHEVROLET,EQUINOX,Battery Electric Vehicle (BEV),Eligibility unknown as battery range has not been researched,0.0,47.0,272359797,POINT (-122.1179 47.35896),PUGET SOUND ENERGY INC||CITY OF TACOMA - (WA),53033032005.0
5YJ3E1EBXM,Snohomish,Bothell,WA,98021.0,2021,TESLA,MODEL 3,Battery Electric Vehicle (BEV),Eligibility unknown as battery range has not been researched,0.0,1.0,161564154,POINT (-122.18384 47.8031),PUGET SOUND ENERGY INC,53061051918.0
5XYC34JBXS,King,Kent,WA,98031.0,2025,KIA,EV6,Battery Electric Vehicle (BEV),Eligibility unknown as battery range has not been researched,0.0,47.0,286449019,POINT (-122.17743 47.41185),PUGET SOUND ENERGY INC||CITY OF TACOMA - (WA),53033029405.0
WP0BB2Y19P,King,Redmond,WA,98052.0,2023,PORSCHE,TAYCAN,Battery Electric Vehicle (BEV),Eligibility unknown as battery range has not been researched,0.0,48.0,260471858,POINT (-122.13158 47.67858),PUGET SOUND ENERGY INC||CITY OF TACOMA - (WA),53033022606.0
7SAYGDEE3R,King,Renton,WA,98056.0,2024,TESLA,MODEL Y,Battery Electric Vehicle (BEV),Eligibility unknown as battery range has not been researched,0.0,11.0,267939976,POINT (-122.2044 47.52136),PUGET SOUND ENERGY INC||CITY OF TACOMA - (WA),53033025500.0
WB523CF0XR,King,Bellevue,WA,98004.0,2024,BMW,IX,Battery Electric Vehicle (BEV),Eligibility unknown as battery range has not been researched,0.0,41.0,250950864,POINT (-122.1872 47.61001),PUGET SOUND ENERGY INC||CITY OF TACOMA - (WA),53033023902.0
7SAYGDEE7P,King,Sammamish,WA,98075.0,2023,TESLA,MODEL Y,Battery Electric Vehicle (BEV),Eligibility unknown as battery range has not been researched,0.0,41.0,245457320,POINT (-122.03539 47.61344),PUGET SOUND ENERGY INC||CITY OF TACOMA - (WA),53033032215.0
3GN7DLRP3S,Kitsap,Port Orchard,WA,98367.0,2025,CHEVROLET,EQUINOX,Battery Electric Vehicle (BEV),Eligibility unknown as battery range has not been researched,0.0,26.0,274580540,POINT (-122.70348 47.52028),PUGET SOUND ENERGY INC,53035092704.0
3GPKHXRJ3S,Snohomish,Bothell,WA,98012.0,2025,HONDA,PROLOGUE,Battery Electric Vehicle (BEV),Eligibility unknown as battery range has not been researched,0.0,1.0,283339262,POINT (-122.22038 47.8572),PUGET SOUND ENERGY INC,53061052107.0
1G1FZ6S01P,Benton,Kennewick,WA,99338.0,2023,CHEVROLET,BOLT EUV,Battery Electric Vehicle (BEV),Eligibility unknown as battery range has not been researched,0.0,8.0,253334784,POINT (-119.3118 46.20665),BONNEVILLE POWER ADMINISTRATION||PUD NO 1 OF BENTON COUNTY,53005010815.0
1G1FZ6S09K,Kitsap,Bainbridge Island,WA,98110.0,2019,CHEVROLET,BOLT EV,Battery Electric Vehicle (BEV),Clean Alternative Fuel Vehicle Eligible,238.0,23.0,209016601,POINT (-122.521 47.62732),PUGET SOUND ENERGY INC,53035091001.0
7FCTGAAA7P,Kitsap,Silverdale,WA,98315.0,2023,RIVIAN,R1T,Battery Electric Vehicle (BEV),Eligibility unknown as battery range has not been researched,0.0,23.0,249902551,POINT (-122.70835 47.68926),PUGET SOUND ENERGY INC,53035090300.0
YV4BR00K2M,King,Woodinville,WA,98072.0,2021,VOLVO,XC90,Plug-in Hybrid Electric Vehicle (PHEV),Not eligible due to low battery range,18.0,45.0,271742831,POINT (-122.15545 47.75448),PUGET SOUND ENERGY INC||CITY OF TACOMA - (WA),53033032326.0
7SAXCAE59P,King,Kirkland,WA,98034.0,2023,TESLA,MODEL X,Battery Electric Vehicle (BEV),Eligibility unknown as battery range has not been researched,0.0,1.0,256902733,POINT (-122.22901 47.72201),PUGET SOUND ENERGY INC||CITY OF TACOMA - (WA),53033022203.0
WBY43AW0XP,King,Seattle,WA,98144.0,2023,BMW,I4,Battery Electric Vehicle (BEV),Eligibility unknown as battery range has not been researched,0.0,37.0,233556991,POINT (-122.30866 47.57874),CITY OF SEATTLE - (WA)|CITY OF TACOMA - (WA),53033008900.0
KNDRJDJH2S,King,Bellevue,WA,98008.0,2025,KIA,SORENTO,Plug-in Hybrid Electric Vehicle (PHEV),Clean Alternative Fuel Vehicle Eligible,30.0,48.0,272840242,POINT (-122.11867 47.63131),PUGET SOUND ENERGY INC||CITY OF TACOMA - (WA),53033023000.0
YV4H60DA0P,King,Seattle,WA,98112.0,2023,VOLVO,XC60,Plug-in Hybrid Electric Vehicle (PHEV),Clean Alternative Fuel Vehicle Eligible,35.0,43.0,253447722,POINT (-122.30207 47.64085),CITY OF SEATTLE - (WA)|CITY OF TACOMA - (WA),53033006200.0
KM8KRDDF3R,King,Kirkland,WA,98033.0,2024,HYUNDAI,IONIQ 5,Battery Electric Vehicle (BEV),Eligibility unknown as battery range has not been researched,0.0,48.0,258908352,POINT (-122.2066 47.67887),PUGET SOUND ENERGY INC||CITY OF TACOMA - (WA),53033022501.0
1C4RJXN64R,Thurston,Olympia,WA,98502.0,2024,JEEP,WRANGLER,Plug-in Hybrid Electric Vehicle (PHEV),Not eligible due to low battery range,21.0,22.0,270975064,POINT (-122.92333 47.03779),PUGET SOUND ENERGY INC,53067011100.0
1GYKPPRK2R,Snohomish,Mill Creek,WA,98012.0,2024,CADILLAC,LYRIQ,Battery Electric Vehicle (BEV),Eligibility unknown as battery range has not been researched,0.0,44.0,261164795,POINT (-122.22038 47.8572),PUGET SOUND ENERGY INC,53061052006.0
4JGFB4GB5R,Skagit,Anacortes,WA,98221.0,2024,MERCEDES-BENZ,GLE-CLASS,Plug-in Hybrid Electric Vehicle (PHEV),Clean Alternative Fuel Vehicle Eligible,48.0,10.0,256295406,POINT (-122.61216 48.51749),PUGET SOUND ENERGY INC,53057940302.0
JN1DF0CD3P,King,Bellevue,WA,98004.0,2023,NISSAN,ARIYA HATCHBACK,Battery Electric Vehicle (BEV),Eligibility unknown as battery range has not been researched,0.0,48.0,261321203,POINT (-122.1872 47.61001),PUGET SOUND ENERGY INC||CITY OF TACOMA - (WA),53033023805.0
7PDSGBBA8S,Snohomish,Edmonds,WA,98026.0,2025,RIVIAN,R1S,Battery Electric Vehicle (BEV),Eligibility unknown as battery range has not been researched,0.0,21.0,270709078,POINT (-122.31768 47.87166),PUGET SOUND ENERGY INC,53061050300.0
7FCEHEB29R,Skagit,Burlington,WA,98233.0,2024,RIVIAN,EDV,Battery Electric Vehicle (BEV),Eligibility unknown as battery range has not been researched,0.0,10.0,278197202,POINT (-122.33029 48.46846),PUGET SOUND ENERGY INC,53057951900.0
5YJXCBE22H,Okanogan,Okanogan,WA,98840.0,2017,TESLA,MODEL X,Battery Electric Vehicle (BEV),Clean Alternative Fuel Vehicle Eligible,200.0,7.0,215981629,POINT (-119.57959 48.3654),PUD NO 1 OF OKANOGAN COUNTY,53047970700.0
5YJ3E1ET6R,King,Bellevue,WA,98006.0,2024,TESLA,MODEL 3,Battery Electric Vehicle (BEV),Eligibility unknown as battery range has not been researched,0.0,41.0,275495265,POINT (-122.12096 47.55584),PUGET SOUND ENERGY INC||CITY OF TACOMA - (WA),53033024701.0
7SAYGDEE3T,King,Seattle,WA,98115.0,2026,TESLA,MODEL Y,Battery Electric Vehicle (BEV),Eligibility unknown as battery range has not been researched,0.0,46.0,286936597,POINT (-122.31676 47.68156),CITY OF SEATTLE - (WA)|CITY OF TACOMA - (WA),53033002200.0
7SAYGAEE5S,Snohomish,Bothell,WA,98012.0,2025,TESLA,MODEL Y,Battery Electric Vehicle (BEV),Eligibility unknown as battery range has not been researched,0.0,1.0,274180693,POINT (-122.22038 47.8572),PUGET SOUND ENERGY INC,53061052107.0
7SAYGDEE3P,King,Kent,WA,98031.0,2023,TESLA,MODEL Y,Battery Electric Vehicle (BEV),Eligibility unknown as battery range has not been researched,0.0,33.0,250984471,POINT (-122.17743 47.41185),PUGET SOUND ENERGY INC||CITY OF TACOMA - (WA),53033029207.0
3FMTK2SU7P,Thurston,Olympia,WA,98506.0,2023,FORD,MUSTANG MACH-E,Battery Electric Vehicle (BEV),Eligibility unknown as battery range has not been researched,0.0,22.0,229733178,POINT (-122.87741 47.05997),PUGET SOUND ENERGY INC,53067012100.0
7SAYGDEE2P,Jefferson,Port Townsend,WA,98368.0,2023,TESLA,MODEL Y,Battery Electric Vehicle (BEV),Eligibility unknown as battery range has not been researched,0.0,24.0,251509709,POINT (-122.77263 48.1212),BONNEVILLE POWER ADMINISTRATION||PUGET SOUND ENERGY INC||PUD NO 1 OF JEFFERSON COUNTY,53031950604.0
5YJ3E1EB6L,Snohomish,Lynnwood,WA,98037.0,2020,TESLA,MODEL 3,Battery Electric Vehicle (BEV),Clean Alternative Fuel Vehicle Eligible,322.0,32.0,124428174,POINT (-122.27734 47.83785),PUGET SOUND ENERGY INC,53061051701.0
1G1RC6S52J,Whitman,Pullman,WA,99163.0,2018,CHEVROLET,VOLT,Plug-in Hybrid Electric Vehicle (PHEV),Clean Alternative Fuel Vehicle Eligible,53.0,9.0,169486908,POINT (-117.18147 46.73015),AVISTA CORP,53075000202.0
5YJ3E1EA2P,King,Tukwila,WA,98188.0,2023,TESLA,MODEL 3,Battery Electric Vehicle (BEV),Eligibility unknown as battery range has not been researched,0.0,11.0,282693869,POINT (-122.27979 47.44952),PUGET SOUND ENERGY INC||CITY OF TACOMA - (WA),53033028200.0
7PDSGABA2R,Snohomish,Everett,WA,98208.0,2024,RIVIAN,R1S,Battery Electric Vehicle (BEV),Eligibility unknown as battery range has not been researched,0.0,44.0,269599781,POINT (-122.18637 47.89251),PUGET SOUND ENERGY INC,53061041610.0
5YJ3E1EA9T,Thurston,Rainier,WA,98576.0,2026,TESLA,MODEL 3,Battery Electric Vehicle (BEV),Eligibility unknown as battery range has not been researched,0.0,20.0,286477159,POINT (-122.68993 46.88897),PUGET SOUND ENERGY INC,53067012530.0
5YJSA1E22J,Benton,Benton City,WA,99320.0,2018,TESLA,MODEL S,Battery Electric Vehicle (BEV),Clean Alternative Fuel Vehicle Eligible,249.0,16.0,202076766,POINT (-119.48756 46.26543),BONNEVILLE POWER ADMINISTRATION||PUD NO 1 OF BENTON COUNTY,53005011900.0
5YJ3E1EB5P,King,Woodinville,WA,98072.0,2023,TESLA,MODEL 3,Battery Electric Vehicle (BEV),Eligibility unknown as battery range has not been researched,0.0,45.0,251946922,POINT (-122.15545 47.75448),PUGET SOUND ENERGY INC||CITY OF TACOMA - (WA),53033021802.0
5UXTA6C03M,King,Seattle,WA,98105.0,2021,BMW,X5,Plug-in Hybrid Electric Vehicle (PHEV),Clean Alternative Fuel Vehicle Eligible,30.0,46.0,171454454,POINT (-122.31307 47.66127),CITY OF SEATTLE - (WA)|CITY OF TACOMA - (WA),53033004102.0
WA1AAAGE8M,Thurston,Olympia,WA,98501.0,2021,AUDI,E-TRON,Battery Electric Vehicle (BEV),Clean Alternative Fuel Vehicle Eligible,222.0,22.0,283409507,POINT (-122.89165 47.03954),PUGET SOUND ENERGY INC,53067010100.0
5YJSA1S29F,King,Bellevue,WA,98006.0,2015,TESLA,MODEL S,Battery Electric Vehicle (BEV),Clean Alternative Fuel Vehicle Eligible,208.0,41.0,252631928,POINT (-122.12096 47.55584),PUGET SOUND ENERGY INC||CITY OF TACOMA - (WA),53033024902.0
WA1E2AFY3R,King,Mercer Island,WA,98040.0,2024,AUDI,Q5 E,Plug-in Hybrid Electric Vehicle (PHEV),Not eligible due to low battery range,23.0,41.0,265446380,POINT (-122.21238 47.57816),PUGET SOUND ENERGY INC||CITY OF TACOMA - (WA),53033024500.0
7SAYGDEE7R,Whatcom,Bellingham,WA,98226.0,2024,TESLA,MODEL Y,Battery Electric Vehicle (BEV),Eligibility unknown as battery range has not been researched,0.0,42.0,267719931,POINT (-122.49756 48.7999),PUGET SOUND ENERGY INC||PUD NO 1 OF WHATCOM COUNTY,53073940002.0
5YJ3E1EA4S,King,Seattle,WA,98144.0,2025,TESLA,MODEL 3,Battery Electric Vehicle (BEV),Eligibility unknown as battery range has not been researched,0.0,37.0,284441489,POINT (-122.30866 47.57874),CITY OF SEATTLE - (WA)|CITY OF TACOMA - (WA),53033008900.0
LPSED3KA4N,Spokane,Spokane,WA,99207.0,2022,POLESTAR,PS2,Battery Electric Vehicle (BEV),Eligibility unknown as battery range has not been researched,0.0,3.0,283028889,POINT (-117.3973 47.67573),BONNEVILLE POWER ADMINISTRATION||AVISTA CORP||INLAND POWER & LIGHT COMPANY,53063000400.0
7SAYGAEE1P,Clark,Washougal,WA,98671.0,2023,TESLA,MODEL Y,Battery Electric Vehicle (BEV),Eligibility unknown as battery range has not been researched,0.0,18.0,245795812,POINT (-122.35341 45.57923),BONNEVILLE POWER ADMINISTRATION||PUD NO 1 OF CLARK COUNTY - (WA),53011040513.0
7PDSGABA9P,King,Kirkland,WA,98033.0,2023,RIVIAN,R1S,Battery Electric Vehicle (BEV),Eligibility unknown as battery range has not been researched,0.0,48.0,262270795,POINT (-122.2066 47.67887),PUGET SOUND ENERGY INC||CITY OF TACOMA - (WA),53033022604.0
7SAYGDEEXP,King,Sammamish,WA,98075.0,2023,TESLA,MODEL Y,Battery Electric Vehicle (BEV),Eligibility unknown as battery range has not been researched,0.0,41.0,245828656,POINT (-122.03539 47.61344),PUGET SOUND ENERGY INC||CITY OF TACOMA - (WA),53033032213.0
JTMFB3FV9S,King,Seattle,WA,98115.0,2025,TOYOTA,RAV4 PRIME (PHEV),Plug-in Hybrid Electric Vehicle (PHEV),Clean Alternative Fuel Vehicle Eligible,42.0,46.0,284097922,POINT (-122.31676 47.68156),CITY OF SEATTLE - (WA)|CITY OF TACOMA - (WA),53033001900.0
7SAYGDEE3N,King,Seattle,WA,98178.0,2022,TESLA,MODEL Y,Battery Electric Vehicle (BEV),Eligibility unknown as battery range has not been researched,0.0,37.0,193797383,POINT (-122.23825 47.49461),CITY OF SEATTLE - (WA)|CITY OF TACOMA - (WA),53033011902.0
5YJSA1H1XE,King,Seattle,WA,98199.0,2014,TESLA,MODEL S,Battery Electric Vehicle (BEV),Clean Alternative Fuel Vehicle Eligible,208.0,36.0,189258765,POINT (-122.40092 47.65908),CITY OF SEATTLE - (WA)|CITY OF TACOMA - (WA),53033005600.0
WAUAHBFW5N,Pierce,Gig Harbor,WA,98332.0,2022,AUDI,RS E-TRON GT,Battery Electric Vehicle (BEV),Eligibility unknown as battery range has not been researched,0.0,26.0,277096060,POINT (-122.59044 47.34236),BONNEVILLE POWER ADMINISTRATION||CITY OF TACOMA - (WA)||PENINSULA LIGHT COMPANY,53053072509.0
7G2CEHED6S,King,Federal Way,WA,98023.0,2025,TESLA,CYBERTRUCK,Battery Electric Vehicle (BEV),Eligibility unknown as battery range has not been researched,0.0,30.0,281931478,POINT (-122.34059 47.32478),PUGET SOUND ENERGY INC||CITY OF TACOMA - (WA),53033030312.0
5UXTS1C01M,King,Mercer Island,WA,98040.0,2021,BMW,X3,Plug-in Hybrid Electric Vehicle (PHEV),Not eligible due to low battery range,17.0,41.0,274132015,POINT (-122.21238 47.57816),PUGET SOUND ENERGY INC||CITY OF TACOMA - (WA),53033024601.0
7SAYGAEE9P,Clark,Vancouver,WA,98661.0,2023,TESLA,MODEL Y,Battery Electric Vehicle (BEV),Eligibility unknown as battery range has not been researched,0.0,49.0,249253994,POINT (-122.62934 45.63201),BONNEVILLE POWER ADMINISTRATION||PUD NO 1 OF CLARK COUNTY - (WA),53011041111.0
1FMCU0LZ3M,King,Federal Way,WA,98023.0,2021,FORD,ESCAPE,Plug-in Hybrid Electric Vehicle (PHEV),Clean Alternative Fuel Vehicle Eligible,38.0,30.0,180519230,POINT (-122.34059 47.32478),PUGET SOUND ENERGY INC||CITY OF TACOMA - (WA),53033030305.0
1FT6W1EV7P,Snohomish,Snohomish,WA,98290.0,2023,FORD,F-150,Battery Electric Vehicle (BEV),Eligibility unknown as battery range has not been researched,0.0,44.0,264390801,POINT (-122.09305 47.91265),PUGET SOUND ENERGY INC,53061052607.0
7SAXCAE55P,Spokane,Spokane,WA,99223.0,2023,TESLA,MODEL X,Battery Electric Vehicle (BEV),Eligibility unknown as battery range has not been researched,0.0,6.0,273877796,POINT (-117.36043 47.63396),BONNEVILLE POWER ADMINISTRATION||AVISTA CORP||INLAND POWER & LIGHT COMPANY,53063013502.0
1V2WNPE85P,King,Seattle,WA,98126.0,2023,VOLKSWAGEN,ID.4,Battery Electric Vehicle (BEV),Eligibility unknown as battery range has not been researched,0.0,34.0,265190124,POINT (-122.36893 47.54701),CITY OF SEATTLE - (WA)|CITY OF TACOMA - (WA),53033009802.0
7SAYGDEE7T,King,Kent,WA,98042.0,2026,TESLA,MODEL Y,Battery Electric Vehicle (BEV),Eligibility unknown as battery range has not been researched,0.0,47.0,280687144,POINT (-122.1179 47.35896),PUGET SOUND ENERGY INC||CITY OF TACOMA - (WA),53033031707.0
7SAYGDEE8R,Snohomish,Mill Creek,WA,98012.0,2024,TESLA,MODEL Y,Battery Electric Vehicle (BEV),Eligibility unknown as battery range has not been researched,0.0,44.0,272492853,POINT (-122.22038 47.8572),PUGET SOUND ENERGY INC,53061052008.0
7SAYGAEEXS,King,Ravensdale,WA,98051.0,2025,TESLA,MODEL Y,Battery Electric Vehicle (BEV),Eligibility unknown as battery range has not been researched,0.0,5.0,277504328,POINT (-121.98233 47.35298),PUGET SOUND ENERGY INC||CITY OF TACOMA - (WA),53033031501.0
1GKB0RDC2R,King,Auburn,WA,98092.0,2024,GMC,HUMMER EV SUV,Battery Electric Vehicle (BEV),Eligibility unknown as battery range has not been researched,0.0,31.0,252728689,POINT (-122.18497 47.28825),PUGET SOUND ENERGY INC||CITY OF TACOMA - (WA),53033031000.0
1V2DNPE80P,King,Kirkland,WA,98034.0,2023,VOLKSWAGEN,ID.4,Battery Electric Vehicle (BEV),Eligibility unknown as battery range has not been researched,0.0,45.0,257364320,POINT (-122.22901 47.72201),PUGET SOUND ENERGY INC||CITY OF TACOMA - (WA),53033022003.0
WA1F2AFY3P,Pierce,Bonney Lake,WA,98391.0,2023,AUDI,Q5 E,Plug-in Hybrid Electric Vehicle (PHEV),Not eligible due to low battery range,23.0,31.0,264822302,POINT (-122.17144 47.19175),PUGET SOUND ENERGY INC||CITY OF TACOMA - (WA),53053070209.0
YV4BR0CL7M,Snohomish,Lake Stevens,WA,98258.0,2021,VOLVO,XC90,Plug-in Hybrid Electric Vehicle (PHEV),Not eligible due to low battery range,18.0,44.0,148183283,POINT (-122.06402 48.01497),PUGET SOUND ENERGY INC,53061052607.0
1G1RA6S57J,King,Seattle,WA,98136.0,2018,CHEVROLET,VOLT,Plug-in Hybrid Electric Vehicle (PHEV),Clean Alternative Fuel Vehicle Eligible,53.0,34.0,475390786,POINT (-122.38415 47.53755),CITY OF SEATTLE - (WA)|CITY OF TACOMA - (WA),53033011601.0
JTDKAMFP6N,Clark,Vancouver,WA,98684.0,2022,TOYOTA,PRIUS PRIME (PHEV),Plug-in Hybrid Electric Vehicle (PHEV),Not eligible due to low battery range,25.0,17.0,180618567,POINT (-122.48723 45.63701),BONNEVILLE POWER ADMINISTRATION||PUD NO 1 OF CLARK COUNTY - (WA),53011041335.0
5YJ3E1EBXM,King,Bellevue,WA,98006.0,2021,TESLA,MODEL 3,Battery Electric Vehicle (BEV),Eligibility unknown as battery range has not been researched,0.0,41.0,266634315,POINT (-122.12096 47.55584),PUGET SOUND ENERGY INC||CITY OF TACOMA - (WA),53033025001.0
7SAYGDEF1N,King,Kirkland,WA,98033.0,2022,TESLA,MODEL Y,Battery Electric Vehicle (BEV),Eligibility unknown as battery range has not been researched,0.0,48.0,218206733,POINT (-122.2066 47.67887),PUGET SOUND ENERGY INC||CITY OF TACOMA - (WA),53033022502.0
7SAYGDEE3R,Spokane,Spokane,WA,99201.0,2024,TESLA,MODEL Y,Battery Electric Vehicle (BEV),Eligibility unknown as battery range has not been researched,0.0,3.0,268069462,POINT (-117.41162 47.65726),MODERN ELECTRIC WATER COMPANY,53063002400.0
WA1VAAGE3K,King,Kirkland,WA,98033.0,2019,AUDI,E-TRON,Battery Electric Vehicle (BEV),Clean Alternative Fuel Vehicle Eligible,204.0,48.0,342988397,POINT (-122.2066 47.67887),PUGET SOUND ENERGY INC||CITY OF TACOMA - (WA),53033022501.0
5YJSA1E26K,King,Kenmore,WA,98028.0,2019,TESLA,MODEL S,Battery Electric Vehicle (BEV),Clean Alternative Fuel Vehicle Eligible,270.0,46.0,277364573,POINT (-122.24369 47.75892),PUGET SOUND ENERGY INC||CITY OF TACOMA - (WA),53033021600.0
5YJYGDEF4M,Snohomish,Bothell,WA,98021.0,2021,TESLA,MODEL Y,Battery Electric Vehicle (BEV),Eligibility unknown as battery range has not been researched,0.0,1.0,135210890,POINT (-122.18384 47.8031),PUGET SOUND ENERGY INC,53061051937.0
1FT6W1B74R,King,Seattle,WA,98104.0,2024,FORD,F-150,Battery Electric Vehicle (BEV),Eligibility unknown as battery range has not been researched,0.0,43.0,273422404,POINT (-122.32945 47.60357),CITY OF SEATTLE - (WA)|CITY OF TACOMA - (WA),53033008500.0
W1N0G5DB2L,Pierce,University Place,WA,98467.0,2020,MERCEDES-BENZ,GLC-CLASS,Plug-in Hybrid Electric Vehicle (PHEV),Not eligible due to low battery range,22.0,28.0,255440853,POINT (-122.54045 47.20742),BONNEVILLE POWER ADMINISTRATION||CITY OF TACOMA - (WA)||PENINSULA LIGHT COMPANY,53053072312.0
7SAYGDEF8N,Spokane,Spokane,WA,99201.0,2022,TESLA,MODEL Y,Battery Electric Vehicle (BEV),Eligibility unknown as battery range has not been researched,0.0,3.0,228555967,POINT (-117.41162 47.65726),MODERN ELECTRIC WATER COMPANY,53063002300.0
JTMABABA5R,Skagit,Mount Vernon,WA,98273.0,2024,SUBARU,SOLTERRA,Battery Electric Vehicle (BEV),Eligibility unknown as battery range has not been researched,0.0,40.0,277905729,POINT (-122.33891 48.41644),PUGET SOUND ENERGY INC,53057952600.0
WP1AA2XA6R,Kitsap,Bainbridge Island,WA,98110.0,2024,PORSCHE,MACAN,Battery Electric Vehicle (BEV),Clean Alternative Fuel Vehicle Eligible,308.0,23.0,273874891,POINT (-122.521 47.62732),PUGET SOUND ENERGY INC,53035090700.0
7FCTGBAAXS,Snohomish,Granite Falls,WA,98252.0,2025,RIVIAN,R1T,Battery Electric Vehicle (BEV),Eligibility unknown as battery range has not been researched,0.0,39.0,277670431,POINT (-121.96931 48.08157),BONNEVILLE POWER ADMINISTRATION||PUD 1 OF SNOHOMISH COUNTY,53061053606.0
1G1FZ6S08L,King,Issaquah,WA,98029.0,2020,CHEVROLET,BOLT EV,Battery Electric Vehicle (BEV),Clean Alternative Fuel Vehicle Eligible,259.0,5.0,8855871,POINT (-122.00292 47.54748),PUGET SOUND ENERGY INC||CITY OF TACOMA - (WA),53033032220.0
5YJ3E1EB5J,Pierce,Lakewood,WA,98499.0,2018,TESLA,MODEL 3,Battery Electric Vehicle (BEV),Clean Alternative Fuel Vehicle Eligible,215.0,29.0,240031858,POINT (-122.51495 47.16196),BONNEVILLE POWER ADMINISTRATION||CITY OF TACOMA - (WA)||LAKEVIEW LIGHT & POWER|PENINSULA LIGHT COMPANY,53053071807.0
7SAYGDED3R,King,Redmond,WA,98052.0,2024,TESLA,MODEL Y,Battery Electric Vehicle (BEV),Eligibility unknown as battery range has not been researched,0.0,45.0,269698208,POINT (-122.13158 47.67858),PUGET SOUND ENERGY INC||CITY OF TACOMA - (WA),53033022605.0
1N4AZ1BP5L,Jefferson,Chimacum,WA,98325.0,2020,NISSAN,LEAF,Battery Electric Vehicle (BEV),Clean Alternative Fuel Vehicle Eligible,149.0,24.0,128834835,POINT (-122.77328 48.01182),BONNEVILLE POWER ADMINISTRATION||PUGET SOUND ENERGY INC||PUD NO 1 OF JEFFERSON COUNTY,53031950501.0
5YJ3E1EA1P,King,Seattle,WA,98115.0,2023,TESLA,MODEL 3,Battery Electric Vehicle (BEV),Eligibility unknown as battery range has not been researched,0.0,46.0,223896928,POINT (-122.31676 47.68156),CITY OF SEATTLE - (WA)|CITY OF TACOMA - (WA),53033002100.0
1N4AZ1CPXJ,King,Seattle,WA,98122.0,2018,NISSAN,LEAF,Battery Electric Vehicle (BEV),Clean Alternative Fuel Vehicle Eligible,151.0,43.0,183332502,POINT (-122.31009 47.60803),CITY OF SEATTLE - (WA)|CITY OF TACOMA - (WA),53033008401.0
5YJ3E1EA0P,King,Beaux Arts,WA,98004.0,2023,TESLA,MODEL 3,Battery Electric Vehicle (BEV),Eligibility unknown as battery range has not been researched,0.0,41.0,260388600,POINT (-122.1872 47.61001),PUGET SOUND ENERGY INC||CITY OF TACOMA - (WA),53033023901.0
5YJ3E1EB9J,Clark,Vancouver,WA,98682.0,2018,TESLA,MODEL 3,Battery Electric Vehicle (BEV),Clean Alternative Fuel Vehicle Eligible,215.0,17.0,475302880,POINT (-122.55149 45.69345),BONNEVILLE POWER ADMINISTRATION||PUD NO 1 OF CLARK COUNTY - (WA),53011040706.0
7SAYGDEF2P,King,Redmond,WA,98052.0,2023,TESLA,MODEL Y,Battery Electric Vehicle (BEV),Eligibility unknown as battery range has not been researched,0.0,48.0,235405901,POINT (-122.13158 47.67858),PUGET SOUND ENERGY INC||CITY OF TACOMA - (WA),53033032324.0
7SAXCDE56P,Clark,Vancouver,WA,98665.0,2023,TESLA,MODEL X,Battery Electric Vehicle (BEV),Eligibility unknown as battery range has not been researched,0.0,49.0,260271560,POINT (-122.64443 45.67871),BONNEVILLE POWER ADMINISTRATION||PUD NO 1 OF CLARK COUNTY - (WA),53011041009.0
3C3CFFGEXF,King,Renton,WA,98059.0,2015,FIAT,500,Battery Electric Vehicle (BEV),Clean Alternative Fuel Vehicle Eligible,87.0,5.0,138289875,POINT (-122.16548 47.53766),PUGET SOUND ENERGY INC||CITY OF TACOMA - (WA),53033025602.0
JTMABACA9P,King,Seattle,WA,98178.0,2023,TOYOTA,BZ4X,Battery Electric Vehicle (BEV),Eligibility unknown as battery range has not been researched,0.0,37.0,235318534,POINT (-122.23825 47.49461),PUGET SOUND ENERGY INC||CITY OF TACOMA - (WA),53033026004.0
7SAYGAEE0R,King,Des Moines,WA,98198.0,2024,TESLA,MODEL Y,Battery Electric Vehicle (BEV),Eligibility unknown as battery range has not been researched,0.0,33.0,270148539,POINT (-122.31991 47.40814),PUGET SOUND ENERGY INC||CITY OF TACOMA - (WA),53033029003.0
7FCTGAAA2N,Thurston,Olympia,WA,98506.0,2022,RIVIAN,R1T,Battery Electric Vehicle (BEV),Eligibility unknown as battery range has not been researched,0.0,22.0,227238651,POINT (-122.87741 47.05997),PUGET SOUND ENERGY INC,53067012100.0
SADHD2S14K,Pierce,Gig Harbor,WA,98332.0,2019,JAGUAR,I-PACE,Battery Electric Vehicle (BEV),Clean Alternative Fuel Vehicle Eligible,234.0,26.0,112775771,POINT (-122.59044 47.34236),BONNEVILLE POWER ADMINISTRATION||CITY OF TACOMA - (WA)||PENINSULA LIGHT COMPANY,53053072506.0
1FT6W1B74R,King,Kent,WA,98035.0,2024,FORD,F-150,Battery Electric Vehicle (BEV),Eligibility unknown as battery range has not been researched,0.0,33.0,274971546,POINT (-122.23427 47.3805),PUGET SOUND ENERGY INC||CITY OF TACOMA - (WA),53033029701.0
7SAYGDEE9P,King,Kenmore,WA,98028.0,2023,TESLA,MODEL Y,Battery Electric Vehicle (BEV),Eligibility unknown as battery range has not been researched,0.0,46.0,257746618,POINT (-122.24369 47.75892),PUGET SOUND ENERGY INC||CITY OF TACOMA - (WA),53033022101.0
5LMTJ5DZ9S,Spokane,Spokane,WA,99207.0,2025,LINCOLN,CORSAIR,Plug-in Hybrid Electric Vehicle (PHEV),Not eligible due to low battery range,27.0,3.0,283209195,POINT (-117.3973 47.67573),MODERN ELECTRIC WATER COMPANY,53063001400.0
7SAYGDEE6P,King,Bellevue,WA,98005.0,2023,TESLA,MODEL Y,Battery Electric Vehicle (BEV),Eligibility unknown as battery range has not been researched,0.0,41.0,251534209,POINT (-122.1621 47.64441),PUGET SOUND ENERGY INC||CITY OF TACOMA - (WA),53033023601.0
JTDKARFP0L,Thurston,Olympia,WA,98501.0,2020,TOYOTA,PRIUS PRIME (PHEV),Plug-in Hybrid Electric Vehicle (PHEV),Not eligible due to low battery range,25.0,22.0,115261835,POINT (-122.89165 47.03954),PUGET SOUND ENERGY INC,53067011200.0
5XYAFFS54T,King,Issaquah,WA,98029.0,2026,KIA,EV9,Battery Electric Vehicle (BEV),Eligibility unknown as battery range has not been researched,0.0,41.0,286283462,POINT (-122.00292 47.54748),PUGET SOUND ENERGY INC||CITY OF TACOMA - (WA),53033032219.0
5UX43EU04R,Clark,Vancouver,WA,98682.0,2024,BMW,X5,Plug-in Hybrid Electric Vehicle (PHEV),Clean Alternative Fuel Vehicle Eligible,39.0,17.0,260122852,POINT (-122.55149 45.69345),BONNEVILLE POWER ADMINISTRATION||PUD NO 1 OF CLARK COUNTY - (WA),53011040713.0
5YJ3E1EC4L,Thurston,Lacey,WA,98516.0,2020,TESLA,MODEL 3,Battery Electric Vehicle (BEV),Clean Alternative Fuel Vehicle Eligible,308.0,22.0,267564146,POINT (-122.74743 47.08211),PUGET SOUND ENERGY INC,53067012226.0
KNDRJDLH5N,Thurston,Olympia,WA,98501.0,2022,KIA,SORENTO,Plug-in Hybrid Electric Vehicle (PHEV),Clean Alternative Fuel Vehicle Eligible,32.0,22.0,211285707,POINT (-122.89165 47.03954),PUGET SOUND ENERGY INC,53067010700.0
5YJYGDEE0L,King,Bellevue,WA,98004.0,2020,TESLA,MODEL Y,Battery Electric Vehicle (BEV),Clean Alternative Fuel Vehicle Eligible,291.0,41.0,127436207,POINT (-122.1872 47.61001),PUGET SOUND ENERGY INC||CITY OF TACOMA - (WA),53033023801.0
7SAYGDEE9P,King,Tukwila,WA,98178.0,2023,TESLA,MODEL Y,Battery Electric Vehicle (BEV),Eligibility unknown as battery range has not been researched,0.0,11.0,225935769,POINT (-122.23825 47.49461),CITY OF SEATTLE - (WA)|CITY OF TACOMA - (WA),53033026300.0
1N4BZ0CP0G,Clark,Vancouver,WA,98682.0,2016,NISSAN,LEAF,Battery Electric Vehicle (BEV),Clean Alternative Fuel Vehicle Eligible,84.0,17.0,279334856,POINT (-122.55149 45.69345),BONNEVILLE POWER ADMINISTRATION||PUD NO 1 OF CLARK COUNTY - (WA),53011041312.0
WBY8P6C08L,King,Bellevue,WA,98027.0,2020,BMW,I3,Battery Electric Vehicle (BEV),Clean Alternative Fuel Vehicle Eligible,153.0,41.0,107032040,POINT (-122.03439 47.5301),PUGET SOUND ENERGY INC||CITY OF TACOMA - (WA),53033025008.0
7SAYGDEE1P,King,Renton,WA,98059.0,2023,TESLA,MODEL Y,Battery Electric Vehicle (BEV),Eligibility unknown as battery range has not been researched,0.0,11.0,232796497,POINT (-122.16548 47.53766),PUGET SOUND ENERGY INC||CITY OF TACOMA - (WA),53033025601.0
KMHM24AA7S,Jefferson,Port Townsend,WA,98368.0,2025,HYUNDAI,IONIQ 6,Battery Electric Vehicle (BEV),Eligibility unknown as battery range has not been researched,0.0,24.0,274812422,POINT (-122.77263 48.1212),BONNEVILLE POWER ADMINISTRATION||PUGET SOUND ENERGY INC||PUD NO 1 OF JEFFERSON COUNTY,53031950501.0
1N4BZ1DV1M,Thurston,Tumwater,WA,98512.0,2021,NISSAN,LEAF,Battery Electric Vehicle (BEV),Eligibility unknown as battery range has not been researched,0.0,22.0,152589783,POINT (-122.90787 46.9461),PUGET SOUND ENERGY INC,53067010910.0
1G1RA6S52J,King,Maple Valley,WA,98038.0,2018,CHEVROLET,VOLT,Plug-in Hybrid Electric Vehicle (PHEV),Clean Alternative Fuel Vehicle Eligible,53.0,5.0,476363485,POINT (-122.04526 47.39394),PUGET SOUND ENERGY INC||CITY OF TACOMA - (WA),53033032003.0
7SAYGDEE0P,Spokane,Spokane,WA,99208.0,2023,TESLA,MODEL Y,Battery Electric Vehicle (BEV),Eligibility unknown as battery range has not been researched,0.0,6.0,241306740,POINT (-117.45005 47.7333),BONNEVILLE POWER ADMINISTRATION||AVISTA CORP||INLAND POWER & LIGHT COMPANY,53063010603.0
7YAKNDDC1S,King,Redmond,WA,98052.0,2025,HYUNDAI,IONIQ 5,Battery Electric Vehicle (BEV),Eligibility unknown as battery range has not been researched,0.0,48.0,285315341,POINT (-122.13158 47.67858),PUGET SOUND ENERGY INC||CITY OF TACOMA - (WA),53033022902.0
7SAYGDEE2P,Snohomish,Everett,WA,98204.0,2023,TESLA,MODEL Y,Battery Electric Vehicle (BEV),Eligibility unknown as battery range has not been researched,0.0,21.0,229008860,POINT (-122.27557 47.88936),PUGET SOUND ENERGY INC,53061041901.0
5YJ3E1EAXK,Spokane,Spokane Valley,WA,99206.0,2019,TESLA,MODEL 3,Battery Electric Vehicle (BEV),Clean Alternative Fuel Vehicle Eligible,220.0,4.0,287094055,POINT (-117.24696 47.65713),BONNEVILLE POWER ADMINISTRATION||AVISTA CORP||INLAND POWER & LIGHT COMPANY,53063012402.0
1N4BZ1CP9K,King,Seattle,WA,98117.0,2019,NISSAN,LEAF,Battery Electric Vehicle (BEV),Clean Alternative Fuel Vehicle Eligible,150.0,36.0,106320735,POINT (-122.38418 47.70044),CITY OF SEATTLE - (WA)|CITY OF TACOMA - (WA),53033002900.0
2C4RC1L77P,King,Tukwila,WA,98188.0,2023,CHRYSLER,PACIFICA,Plug-in Hybrid Electric Vehicle (PHEV),Clean Alternative Fuel Vehicle Eligible,32.0,11.0,241516614,POINT (-122.27979 47.44952),PUGET SOUND ENERGY INC||CITY OF TACOMA - (WA),53033028200.0
7SAYGDEE8R,King,Mercer Island,WA,98040.0,2024,TESLA,MODEL Y,Battery Electric Vehicle (BEV),Eligibility unknown as battery range has not been researched,0.0,41.0,267415585,POINT (-122.21238 47.57816),PUGET SOUND ENERGY INC||CITY OF TACOMA - (WA),53033024601.0
7SAYGDEE2P,Snohomish,Bothell,WA,98012.0,2023,TESLA,MODEL Y,Battery Electric Vehicle (BEV),Eligibility unknown as battery range has not been researched,0.0,1.0,283347998,POINT (-122.22038 47.8572),PUGET SOUND ENERGY INC,53061051935.0
7G2CEHED4S,Pierce,Gig Harbor,WA,98335.0,2025,TESLA,CYBERTRUCK,Battery Electric Vehicle (BEV),Eligibility unknown as battery range has not been researched,0.0,26.0,285116268,POINT (-122.58009 47.328),BONNEVILLE POWER ADMINISTRATION||CITY OF TACOMA - (WA)||PENINSULA LIGHT COMPANY,53053072406.0
7SAYGDEF4R,Snohomish,Snohomish,WA,98296.0,2024,TESLA,MODEL Y,Battery Electric Vehicle (BEV),Eligibility unknown as battery range has not been researched,0.0,44.0,268497841,POINT (-122.1389 47.87115),PUGET SOUND ENERGY INC,53061052122.0
1FADP5CU5D,King,Kirkland,WA,98033.0,2013,FORD,C-MAX,Plug-in Hybrid Electric Vehicle (PHEV),Not eligible due to low battery range,19.0,45.0,180186688,POINT (-122.2066 47.67887),PUGET SOUND ENERGY INC||CITY OF TACOMA - (WA),53033022401.0
7SAYGDED5R,Snohomish,Mill Creek,WA,98012.0,2024,TESLA,MODEL Y,Battery Electric Vehicle (BEV),Eligibility unknown as battery range has not been researched,0.0,44.0,273787874,POINT (-122.22038 47.8572),PUGET SOUND ENERGY INC,53061052005.0
7PDSGGBA8T,King,Kirkland,WA,98033.0,2026,RIVIAN,R1S,Battery Electric Vehicle (BEV),Eligibility unknown as battery range has not been researched,0.0,48.0,285614640,POINT (-122.2066 47.67887),PUGET SOUND ENERGY INC||CITY OF TACOMA - (WA),53033022604.0
WVGDMPE2XM,King,Sammamish,WA,98029.0,2021,VOLKSWAGEN,ID.4,Battery Electric Vehicle (BEV),Eligibility unknown as battery range has not been researched,0.0,5.0,156629630,POINT (-122.00292 47.54748),PUGET SOUND ENERGY INC||CITY OF TACOMA - (WA),53033032222.0
1N4AZ1CPXJ,King,Woodinville,WA,98072.0,2018,NISSAN,LEAF,Battery Electric Vehicle (BEV),Clean Alternative Fuel Vehicle Eligible,151.0,45.0,474149812,POINT (-122.15545 47.75448),PUGET SOUND ENERGY INC||CITY OF TACOMA - (WA),53033032319.0
5YJ3E1EA4R,King,Kirkland,WA,98033.0,2024,TESLA,MODEL 3,Battery Electric Vehicle (BEV),Eligibility unknown as battery range has not been researched,0.0,45.0,267820353,POINT (-122.2066 47.67887),PUGET SOUND ENERGY INC||CITY OF TACOMA - (WA),53033022402.0
JTMABABA4S,Snohomish,Marysville,WA,98271.0,2025,SUBARU,SOLTERRA,Battery Electric Vehicle (BEV),Eligibility unknown as battery range has not been researched,0.0,38.0,284479037,POINT (-122.17138 48.10433),PUGET SOUND ENERGY INC,53061052807.0
5YJ3E1EB8K,Pierce,Edgewood,WA,98371.0,2019,TESLA,MODEL 3,Battery Electric Vehicle (BEV),Clean Alternative Fuel Vehicle Eligible,220.0,31.0,345973148,POINT (-122.29521 47.19045),PUGET SOUND ENERGY INC||CITY OF TACOMA - (WA),53053073502.0
1N4AZ1BV7P,King,Seattle,WA,98109.0,2023,NISSAN,LEAF,Battery Electric Vehicle (BEV),Eligibility unknown as battery range has not been researched,0.0,36.0,253381040,POINT (-122.35022 47.63824),CITY OF SEATTLE - (WA)|CITY OF TACOMA - (WA),53033006703.0
5YJ3E1EB4J,Snohomish,Mill Creek,WA,98012.0,2018,TESLA,MODEL 3,Battery Electric Vehicle (BEV),Clean Alternative Fuel Vehicle Eligible,215.0,44.0,474494765,POINT (-122.22038 47.8572),PUGET SOUND ENERGY INC,53061052006.0
7SAYGDEE9R,Snohomish,Stanwood,WA,98292.0,2024,TESLA,MODEL Y,Battery Electric Vehicle (BEV),Eligibility unknown as battery range has not been researched,0.0,10.0,268068090,POINT (-122.37265 48.24159),BONNEVILLE POWER ADMINISTRATION||PUD 1 OF SNOHOMISH COUNTY,53061053301.0
5YJSA1H25E,Thurston,Olympia,WA,98502.0,2014,TESLA,MODEL S,Battery Electric Vehicle (BEV),Clean Alternative Fuel Vehicle Eligible,208.0,22.0,235289400,POINT (-122.92333 47.03779),PUGET SOUND ENERGY INC,53067011100.0
7PDSGABA5P,King,Normandy Park,WA,98166.0,2023,RIVIAN,R1S,Battery Electric Vehicle (BEV),Eligibility unknown as battery range has not been researched,0.0,33.0,252369841,POINT (-122.33942 47.46864),PUGET SOUND ENERGY INC||CITY OF TACOMA - (WA),53033028600.0
5YJYGDEE7M,King,Carnation,WA,98014.0,2021,TESLA,MODEL Y,Battery Electric Vehicle (BEV),Eligibility unknown as battery range has not been researched,0.0,5.0,128673247,POINT (-121.91353 47.64901),PUGET SOUND ENERGY INC||CITY OF TACOMA - (WA),53033032315.0
3FMTK3SU7M,King,Bothell,WA,98011.0,2021,FORD,MUSTANG MACH-E,Battery Electric Vehicle (BEV),Eligibility unknown as battery range has not been researched,0.0,1.0,249997590,POINT (-122.20563 47.76144),PUGET SOUND ENERGY INC||CITY OF TACOMA - (WA),53033022102.0
7SAYGAEE3P,Snohomish,Bothell,WA,98012.0,2023,TESLA,MODEL Y,Battery Electric Vehicle (BEV),Eligibility unknown as battery range has not been researched,0.0,1.0,260947571,POINT (-122.22038 47.8572),PUGET SOUND ENERGY INC,53061052107.0
7SAYGAEE1S,King,Seattle,WA,98106.0,2025,TESLA,MODEL Y,Battery Electric Vehicle (BEV),Eligibility unknown as battery range has not been researched,0.0,34.0,276691439,POINT (-122.35163 47.54287),CITY OF SEATTLE - (WA)|CITY OF TACOMA - (WA),53033010800.0
5YJ3E1EB3S,Clark,Ridgefield,WA,98642.0,2025,TESLA,MODEL 3,Battery Electric Vehicle (BEV),Eligibility unknown as battery range has not been researched,0.0,18.0,274821494,POINT (-122.74595 45.81539),BONNEVILLE POWER ADMINISTRATION||PUD NO 1 OF CLARK COUNTY - (WA),53011040303.0
WP1AE2AY6M,King,Issaquah,WA,98029.0,2021,PORSCHE,CAYENNE,Plug-in Hybrid Electric Vehicle (PHEV),Not eligible due to low battery range,16.0,41.0,153744384,POINT (-122.00292 47.54748),PUGET SOUND ENERGY INC||CITY OF TACOMA - (WA),53033032219.0
KM8HC3A65S,King,Seattle,WA,98118.0,2025,HYUNDAI,KONA,Battery Electric Vehicle (BEV),Eligibility unknown as battery range has not been researched,0.0,37.0,272848978,POINT (-122.2668 47.55115),PUGET SOUND ENERGY INC||CITY OF TACOMA - (WA),53033011102.0
1C4RJXN6XS,King,Seatac,WA,98148.0,2025,JEEP,WRANGLER,Plug-in Hybrid Electric Vehicle (PHEV),Not eligible due to low battery range,21.0,33.0,281171229,POINT (-122.32863 47.46233),PUGET SOUND ENERGY INC||CITY OF TACOMA - (WA),53033028500.0
7SAYGDEE0P,King,Redmond,WA,98052.0,2023,TESLA,MODEL Y,Battery Electric Vehicle (BEV),Eligibility unknown as battery range has not been researched,0.0,45.0,244166576,POINT (-122.13158 47.67858),PUGET SOUND ENERGY INC||CITY OF TACOMA - (WA),53033032321.0
7SAYGDEE9R,King,Seattle,WA,98117.0,2024,TESLA,MODEL Y,Battery Electric Vehicle (BEV),Eligibility unknown as battery range has not been researched,0.0,36.0,263300558,POINT (-122.38418 47.70044),CITY OF SEATTLE - (WA)|CITY OF TACOMA - (WA),53033003000.0
7SAYGDEE5T,Island,Camano Island,WA,98282.0,2026,TESLA,MODEL Y,Battery Electric Vehicle (BEV),Eligibility unknown as battery range has not been researched,0.0,10.0,282972889,POINT (-122.40049 48.23986),BONNEVILLE POWER ADMINISTRATION||PUD 1 OF SNOHOMISH COUNTY,53029971600.0
5YJ3E1EB0N,King,Kenmore,WA,98028.0,2022,TESLA,MODEL 3,Battery Electric Vehicle (BEV),Eligibility unknown as battery range has not been researched,0.0,46.0,195290931,POINT (-122.24369 47.75892),PUGET SOUND ENERGY INC||CITY OF TACOMA - (WA),53033022102.0
7SAYGDEE5P,King,Seattle,WA,98126.0,2023,TESLA,MODEL Y,Battery Electric Vehicle (BEV),Eligibility unknown as battery range has not been researched,0.0,34.0,252297944,POINT (-122.36893 47.54701),CITY OF SEATTLE - (WA)|CITY OF TACOMA - (WA),53033010601.0
3MW39FS02P,Benton,Richland,WA,99352.0,2023,BMW,330E,Plug-in Hybrid Electric Vehicle (PHEV),Not eligible due to low battery range,20.0,8.0,228052240,POINT (-119.27372 46.27391),BONNEVILLE POWER ADMINISTRATION||CITY OF RICHLAND - (WA),53005010819.0
YV4BR0DL4L,King,Seattle,WA,98118.0,2020,VOLVO,XC60,Plug-in Hybrid Electric Vehicle (PHEV),Not eligible due to low battery range,18.0,37.0,102479681,POINT (-122.2668 47.55115),CITY OF SEATTLE - (WA)|CITY OF TACOMA - (WA),53033010200.0
5YJ3E1EB0L,King,Seattle,WA,98177.0,2020,TESLA,MODEL 3,Battery Electric Vehicle (BEV),Clean Alternative Fuel Vehicle Eligible,322.0,36.0,124775451,POINT (-122.36498 47.72238),CITY OF SEATTLE - (WA)|CITY OF TACOMA - (WA),53033001400.0
7SAYGDEE7R,King,Federal Way,WA,98023.0,2024,TESLA,MODEL Y,Battery Electric Vehicle (BEV),Eligibility unknown as battery range has not been researched,0.0,30.0,271815085,POINT (-122.34059 47.32478),PUGET SOUND ENERGY INC||CITY OF TACOMA - (WA),53033030101.0
7SAYGDEDXT,Snohomish,Mill Creek,WA,98012.0,2026,TESLA,MODEL Y,Battery Electric Vehicle (BEV),Eligibility unknown as battery range has not been researched,0.0,44.0,284282274,POINT (-122.22038 47.8572),PUGET SOUND ENERGY INC,53061052008.0
JTMABACA5S,Snohomish,Stanwood,WA,98292.0,2025,TOYOTA,BZ4X,Battery Electric Vehicle (BEV),Eligibility unknown as battery range has not been researched,0.0,10.0,278624727,POINT (-122.37265 48.24159),BONNEVILLE POWER ADMINISTRATION||PUD 1 OF SNOHOMISH COUNTY,53061053302.0
7SAYGAEE5S,King,Bellevue,WA,98006.0,2025,TESLA,MODEL Y,Battery Electric Vehicle (BEV),Eligibility unknown as battery range has not been researched,0.0,41.0,280251205,POINT (-122.12096 47.55584),PUGET SOUND ENERGY INC||CITY OF TACOMA - (WA),53033025001.0
1C4RJXP68R,Whatcom,Bellingham,WA,98225.0,2024,JEEP,WRANGLER,Plug-in Hybrid Electric Vehicle (PHEV),Not eligible due to low battery range,21.0,42.0,266708459,POINT (-122.47091 48.75256),PUGET SOUND ENERGY INC||PUD NO 1 OF WHATCOM COUNTY,53073000501.0
WAUTPBFF6H,King,Seattle,WA,98107.0,2017,AUDI,A3,Plug-in Hybrid Electric Vehicle (PHEV),Not eligible due to low battery range,16.0,36.0,236720291,POINT (-122.38591 47.67597),CITY OF SEATTLE - (WA)|CITY OF TACOMA - (WA),53033003301.0
KNDRMDLH0N,King,Seattle,WA,98116.0,2022,KIA,SORENTO,Plug-in Hybrid Electric Vehicle (PHEV),Clean Alternative Fuel Vehicle Eligible,32.0,34.0,260671351,POINT (-122.41067 47.57894),CITY OF SEATTLE - (WA)|CITY OF TACOMA - (WA),53033009702.0
KNDJX3AE6H,Clark,Vancouver,WA,98662.0,2017,KIA,SOUL,Battery Electric Vehicle (BEV),Clean Alternative Fuel Vehicle Eligible,93.0,49.0,305841469,POINT (-122.57722 45.64251),BONNEVILLE POWER ADMINISTRATION||PUD NO 1 OF CLARK COUNTY - (WA),53011041114.0
WB523CF02R,Clark,Vancouver,WA,98686.0,2024,BMW,IX,Battery Electric Vehicle (BEV),Eligibility unknown as battery range has not been researched,0.0,49.0,266009418,POINT (-122.62731 45.71668),BONNEVILLE POWER ADMINISTRATION||PUD NO 1 OF CLARK COUNTY - (WA),53011040803.0
1N4AZ0CP2F,Snohomish,Everett,WA,98208.0,2015,NISSAN,LEAF,Battery Electric Vehicle (BEV),Clean Alternative Fuel Vehicle Eligible,84.0,44.0,145866941,POINT (-122.18637 47.89251),PUGET SOUND ENERGY INC,53061052121.0
7PDSGABA5R,Kitsap,Bainbridge Island,WA,98110.0,2024,RIVIAN,R1S,Battery Electric Vehicle (BEV),Eligibility unknown as battery range has not been researched,0.0,23.0,264723637,POINT (-122.521 47.62732),PUGET SOUND ENERGY INC,53035090700.0
7SAYGDEE7N,Kittitas,Cle Elum,WA,98922.0,2022,TESLA,MODEL Y,Battery Electric Vehicle (BEV),Eligibility unknown as battery range has not been researched,0.0,13.0,203416797,POINT (-120.93943 47.195),PUGET SOUND ENERGY INC,53037975101.0
5YJYGDEE7L,King,Seattle,WA,98178.0,2020,TESLA,MODEL Y,Battery Electric Vehicle (BEV),Clean Alternative Fuel Vehicle Eligible,291.0,37.0,123782137,POINT (-122.23825 47.49461),PUGET SOUND ENERGY INC||CITY OF TACOMA - (WA),53033026101.0
5YJ3E1EA3P,Benton,Richland,WA,99354.0,2023,TESLA,MODEL 3,Battery Electric Vehicle (BEV),Eligibility unknown as battery range has not been researched,0.0,8.0,258233342,POINT (-119.26844 46.31484),BONNEVILLE POWER ADMINISTRATION||CITY OF RICHLAND - (WA),53005010201.0
7SAYGDEE3P,Douglas,East Wenatchee,WA,98802.0,2023,TESLA,MODEL Y,Battery Electric Vehicle (BEV),Eligibility unknown as battery range has not been researched,0.0,12.0,286024721,POINT (-120.29473 47.41515),PUD NO 1 OF DOUGLAS COUNTY,53017950300.0
5YJYGDEE9M,King,Seattle,WA,98199.0,2021,TESLA,MODEL Y,Battery Electric Vehicle (BEV),Eligibility unknown as battery range has not been researched,0.0,36.0,154311993,POINT (-122.40092 47.65908),CITY OF SEATTLE - (WA)|CITY OF TACOMA - (WA),53033005700.0
WB523CF07N,King,Newcastle,WA,98056.0,2022,BMW,IX,Battery Electric Vehicle (BEV),Eligibility unknown as battery range has not been researched,0.0,41.0,212379408,POINT (-122.2044 47.52136),PUGET SOUND ENERGY INC||CITY OF TACOMA - (WA),53033024703.0
7SAYGDEE1S,Pierce,Sumner,WA,98390.0,2025,TESLA,MODEL Y,Battery Electric Vehicle (BEV),Eligibility unknown as battery range has not been researched,0.0,31.0,275466047,POINT (-122.23972 47.2022),PUGET SOUND ENERGY INC||CITY OF TACOMA - (WA),53053073301.0
ZACPDFCW7R,King,Tukwila,WA,98188.0,2024,DODGE,HORNET,Plug-in Hybrid Electric Vehicle (PHEV),Clean Alternative Fuel Vehicle Eligible,32.0,11.0,261856304,POINT (-122.27979 47.44952),PUGET SOUND ENERGY INC||CITY OF TACOMA - (WA),53033028200.0
5YJSA1E47G,King,Sammamish,WA,98074.0,2016,TESLA,MODEL S,Battery Electric Vehicle (BEV),Clean Alternative Fuel Vehicle Eligible,210.0,45.0,475107188,POINT (-122.02054 47.60326),PUGET SOUND ENERGY INC||CITY OF TACOMA - (WA),53033032317.0
7SAYGDEEXN,Pierce,Bonney Lake,WA,98391.0,2022,TESLA,MODEL Y,Battery Electric Vehicle (BEV),Eligibility unknown as battery range has not been researched,0.0,31.0,219599495,POINT (-122.17144 47.19175),PUGET SOUND ENERGY INC||CITY OF TACOMA - (WA),53053070312.0
1N4BZ0CP7G,King,Lake Forest Park,WA,98155.0,2016,NISSAN,LEAF,Battery Electric Vehicle (BEV),Clean Alternative Fuel Vehicle Eligible,84.0,46.0,219433700,POINT (-122.27794 47.75462),CITY OF SEATTLE - (WA)|CITY OF TACOMA - (WA),53033020402.0
JM3KKEHA4R,King,Mercer Island,WA,98040.0,2024,MAZDA,CX-90,Plug-in Hybrid Electric Vehicle (PHEV),Not eligible due to low battery range,26.0,41.0,250004674,POINT (-122.21238 47.57816),PUGET SOUND ENERGY INC||CITY OF TACOMA - (WA),53033024500.0
7YAKRDDC4S,King,Redmond,WA,98052.0,2025,HYUNDAI,IONIQ 5,Battery Electric Vehicle (BEV),Eligibility unknown as battery range has not been researched,0.0,48.0,278426543,POINT (-122.13158 47.67858),PUGET SOUND ENERGY INC||CITY OF TACOMA - (WA),53033022802.0
WVWKP7AU1F,Pierce,Tacoma,WA,98407.0,2015,VOLKSWAGEN,E-GOLF,Battery Electric Vehicle (BEV),Clean Alternative Fuel Vehicle Eligible,83.0,27.0,251487659,POINT (-122.51288 47.2987),BONNEVILLE POWER ADMINISTRATION||CITY OF TACOMA - (WA)||PENINSULA LIGHT COMPANY,53053060800.0
5YJSA1E46G,King,Kirkland,WA,98033.0,2016,TESLA,MODEL S,Battery Electric Vehicle (BEV),Clean Alternative Fuel Vehicle Eligible,210.0,45.0,105418449,POINT (-122.2066 47.67887),PUGET SOUND ENERGY INC||CITY OF TACOMA - (WA),53033022401.0
WA1E2AFY8R,King,Redmond,WA,98053.0,2024,AUDI,Q5 E,Plug-in Hybrid Electric Vehicle (PHEV),Not eligible due to low battery range,23.0,45.0,277941331,POINT (-122.03287 47.68555),PUGET SOUND ENERGY INC||CITY OF TACOMA - (WA),53033032332.0
5YJ3E1EA7P,King,Renton,WA,98056.0,2023,TESLA,MODEL 3,Battery Electric Vehicle (BEV),Eligibility unknown as battery range has not been researched,0.0,41.0,251425975,POINT (-122.2044 47.52136),PUGET SOUND ENERGY INC||CITY OF TACOMA - (WA),53033025304.0
5YJ3E1EA4K,King,Auburn,WA,98092.0,2019,TESLA,MODEL 3,Battery Electric Vehicle (BEV),Clean Alternative Fuel Vehicle Eligible,220.0,31.0,477674403,POINT (-122.18497 47.28825),PUGET SOUND ENERGY INC||CITY OF TACOMA - (WA),53033031000.0
YSMFG3KAXR,Snohomish,Mukilteo,WA,98275.0,2024,POLESTAR,PS2,Battery Electric Vehicle (BEV),Eligibility unknown as battery range has not been researched,0.0,21.0,268016234,POINT (-122.29196 47.89908),PUGET SOUND ENERGY INC,53061042001.0
1N4AZ1CP2J,Grays Harbor,Elma,WA,98541.0,2018,NISSAN,LEAF,Battery Electric Vehicle (BEV),Clean Alternative Fuel Vehicle Eligible,151.0,24.0,276202468,POINT (-123.40382 47.00379),BONNEVILLE POWER ADMINISTRATION||PUD NO 1 OF GRAYS HARBOR COUNTY,53027000700.0
5YJ3E1EB9K,Snohomish,Monroe,WA,98272.0,2019,TESLA,MODEL 3,Battery Electric Vehicle (BEV),Clean Alternative Fuel Vehicle Eligible,220.0,39.0,269410060,POINT (-121.98087 47.8526),PUGET SOUND ENERGY INC,53061052207.0
3GN7DSRR7S,King,Seattle,WA,98108.0,2025,CHEVROLET,EQUINOX,Battery Electric Vehicle (BEV),Eligibility unknown as battery range has not been researched,0.0,11.0,276797132,POINT (-122.30346 47.55379),CITY OF SEATTLE - (WA)|CITY OF TACOMA - (WA),53033010900.0
1C4RJYB63R,King,Renton,WA,98057.0,2024,JEEP,GRAND CHEROKEE,Plug-in Hybrid Electric Vehicle (PHEV),Not eligible due to low battery range,25.0,11.0,260455352,POINT (-122.20489 47.47532),PUGET SOUND ENERGY INC||CITY OF TACOMA - (WA),53033026200.0
5YJXCBE28G,King,Bellevue,WA,98006.0,2016,TESLA,MODEL X,Battery Electric Vehicle (BEV),Clean Alternative Fuel Vehicle Eligible,200.0,41.0,116922186,POINT (-122.12096 47.55584),PUGET SOUND ENERGY INC||CITY OF TACOMA - (WA),53033025006.0
1G1FY6S09K,Snohomish,Edmonds,WA,98026.0,2019,CHEVROLET,BOLT EV,Battery Electric Vehicle (BEV),Clean Alternative Fuel Vehicle Eligible,238.0,32.0,285936269,POINT (-122.31768 47.87166),PUGET SOUND ENERGY INC,53061050900.0
3FMTK3SU6P,Pierce,Tacoma,WA,98403.0,2023,FORD,MUSTANG MACH-E,Battery Electric Vehicle (BEV),Eligibility unknown as battery range has not been researched,0.0,27.0,227131383,POINT (-122.45782 47.26541),BONNEVILLE POWER ADMINISTRATION||CITY OF TACOMA - (WA)||PENINSULA LIGHT COMPANY,53053061502.0
1FTVW3L76R,Snohomish,Everett,WA,98203.0,2024,FORD,F-150,Battery Electric Vehicle (BEV),Eligibility unknown as battery range has not been researched,0.0,38.0,276599760,POINT (-122.23019 47.94949),PUGET SOUND ENERGY INC,53061041000.0
W1NKM5GBXS,Snohomish,Bothell,WA,98021.0,2025,MERCEDES-BENZ,GLC-CLASS,Plug-in Hybrid Electric Vehicle (PHEV),Clean Alternative Fuel Vehicle Eligible,54.0,1.0,280356170,POINT (-122.18384 47.8031),PUGET SOUND ENERGY INC,53061051917.0
JTMFB3FV2R,Walla Walla,Walla Walla,WA,99362.0,2024,TOYOTA,RAV4 PRIME (PHEV),Plug-in Hybrid Electric Vehicle (PHEV),Clean Alternative Fuel Vehicle Eligible,42.0,16.0,272696854,POINT (-118.34261 46.07068),PACIFICORP,53071920902.0
JTMABACA5R,Franklin,Pasco,WA,99301.0,2024,TOYOTA,BZ4X,Battery Electric Vehicle (BEV),Eligibility unknown as battery range has not been researched,0.0,9.0,266832975,POINT (-119.09467 46.23542),BONNEVILLE POWER ADMINISTRATION||PUD NO 1 OF FRANKLIN COUNTY,53021020607.0
JN1DF0CD5R,King,Issaquah,WA,98027.0,2024,NISSAN,ARIYA HATCHBACK,Battery Electric Vehicle (BEV),Eligibility unknown as battery range has not been researched,0.0,5.0,274271833,POINT (-122.03439 47.5301),PUGET SOUND ENERGY INC||CITY OF TACOMA - (WA),53033032102.0
7SAYGDEFXP,King,Pacific,WA,98047.0,2023,TESLA,MODEL Y,Battery Electric Vehicle (BEV),Eligibility unknown as battery range has not been researched,0.0,30.0,258922527,POINT (-122.24692 47.26465),PUGET SOUND ENERGY INC||CITY OF TACOMA - (WA),53033030902.0
5YJ3E1EA1P,King,Sammamish,WA,98074.0,2023,TESLA,MODEL 3,Battery Electric Vehicle (BEV),Eligibility unknown as battery range has not been researched,0.0,45.0,255470295,POINT (-122.02054 47.60326),PUGET SOUND ENERGY INC||CITY OF TACOMA - (WA),53033032225.0
KNDPZDDH5S,Snohomish,Edmonds,WA,98020.0,2025,KIA,SPORTAGE,Plug-in Hybrid Electric Vehicle (PHEV),Clean Alternative Fuel Vehicle Eligible,34.0,21.0,275625381,POINT (-122.37689 47.81116),PUGET SOUND ENERGY INC,53061050501.0
1N4AZ1BV3P,King,Seattle,WA,98199.0,2023,NISSAN,LEAF,Battery Electric Vehicle (BEV),Eligibility unknown as battery range has not been researched,0.0,36.0,277925259,POINT (-122.40092 47.65908),CITY OF SEATTLE - (WA)|CITY OF TACOMA - (WA),53033005700.0
JHMZC5F30J,King,Shoreline,WA,98133.0,2018,HONDA,CLARITY,Plug-in Hybrid Electric Vehicle (PHEV),Clean Alternative Fuel Vehicle Eligible,47.0,32.0,277573635,POINT (-122.34477 47.75744),CITY OF SEATTLE - (WA)|CITY OF TACOMA - (WA),53033020900.0
3FMTK3SU7S,King,Lake Forest Park,WA,98155.0,2025,FORD,MUSTANG MACH-E,Battery Electric Vehicle (BEV),Eligibility unknown as battery range has not been researched,0.0,46.0,280335345,POINT (-122.27794 47.75462),PUGET SOUND ENERGY INC||CITY OF TACOMA - (WA),53033021500.0
YV4ED3GM2P,Snohomish,Mukilteo,WA,98275.0,2023,VOLVO,C40,Battery Electric Vehicle (BEV),Eligibility unknown as battery range has not been researched,0.0,21.0,240483673,POINT (-122.29196 47.89908),PUGET SOUND ENERGY INC,53061042001.0
5YJ3E1EB6L,Snohomish,Snohomish,WA,98290.0,2020,TESLA,MODEL 3,Battery Electric Vehicle (BEV),Clean Alternative Fuel Vehicle Eligible,322.0,44.0,7852645,POINT (-122.09305 47.91265),PUGET SOUND ENERGY INC,53061052301.0
1C4JJXP62P,Pierce,Tacoma,WA,98404.0,2023,JEEP,WRANGLER,Plug-in Hybrid Electric Vehicle (PHEV),Not eligible due to low battery range,21.0,27.0,227236782,POINT (-122.41249 47.21584),BONNEVILLE POWER ADMINISTRATION||CITY OF TACOMA - (WA)||PENINSULA LIGHT COMPANY,53053063302.0
1G1FX6S04H,King,Seattle,WA,98106.0,2017,CHEVROLET,BOLT EV,Battery Electric Vehicle (BEV),Clean Alternative Fuel Vehicle Eligible,238.0,34.0,150553560,POINT (-122.35163 47.54287),CITY OF SEATTLE - (WA)|CITY OF TACOMA - (WA),53033009900.0
KNDRMDLH6R,Thurston,Olympia,WA,98502.0,2024,KIA,SORENTO,Plug-in Hybrid Electric Vehicle (PHEV),Clean Alternative Fuel Vehicle Eligible,32.0,35.0,266701151,POINT (-122.92333 47.03779),PUGET SOUND ENERGY INC,53067011902.0
7SAYGDEEXN,Pierce,Tacoma,WA,98406.0,2022,TESLA,MODEL Y,Battery Electric Vehicle (BEV),Eligibility unknown as battery range has not been researched,0.0,27.0,207451303,POINT (-122.52082 47.26887),BONNEVILLE POWER ADMINISTRATION||CITY OF TACOMA - (WA)||PENINSULA LIGHT COMPANY,53053060800.0
WB523CF00R,King,Redmond,WA,98052.0,2024,BMW,IX,Battery Electric Vehicle (BEV),Eligibility unknown as battery range has not been researched,0.0,48.0,262748867,POINT (-122.13158 47.67858),PUGET SOUND ENERGY INC||CITY OF TACOMA - (WA),53033032325.0
7SAYGDEEXP,Snohomish,Everett,WA,98208.0,2023,TESLA,MODEL Y,Battery Electric Vehicle (BEV),Eligibility unknown as battery range has not been researched,0.0,44.0,251554481,POINT (-122.18637 47.89251),PUGET SOUND ENERGY INC,53061041606.0
7SAXCBE56N,King,Bellevue,WA,98004.0,2022,TESLA,MODEL X,Battery Electric Vehicle (BEV),Eligibility unknown as battery range has not been researched,0.0,48.0,195589593,POINT (-122.1872 47.61001),PUGET SOUND ENERGY INC||CITY OF TACOMA - (WA),53033024001.0
7YAKRDDCXS,King,Seattle,WA,98116.0,2025,HYUNDAI,IONIQ 5,Battery Electric Vehicle (BEV),Eligibility unknown as battery range has not been researched,0.0,34.0,284650789,POINT (-122.41067 47.57894),CITY OF SEATTLE - (WA)|CITY OF TACOMA - (WA),53033009600.0
YV4H60CL8N,King,Sammamish,WA,98029.0,2022,VOLVO,XC90,Plug-in Hybrid Electric Vehicle (PHEV),Clean Alternative Fuel Vehicle Eligible,35.0,5.0,251785201,POINT (-122.00292 47.54748),PUGET SOUND ENERGY INC||CITY OF TACOMA - (WA),53033032211.0
7SAYGDEE9S,Snohomish,Stanwood,WA,98292.0,2025,TESLA,MODEL Y,Battery Electric Vehicle (BEV),Eligibility unknown as battery range has not been researched,0.0,10.0,273229036,POINT (-122.37265 48.24159),BONNEVILLE POWER ADMINISTRATION||PUD 1 OF SNOHOMISH COUNTY,53061053201.0
1FTVW3L76R,San Juan,Friday Harbor,WA,98250.0,2024,FORD,F-150,Battery Electric Vehicle (BEV),Eligibility unknown as battery range has not been researched,0.0,40.0,274053951,POINT (-123.01648 48.53448),BONNEVILLE POWER ADMINISTRATION||ORCAS POWER & LIGHT COOP,53055960302.0
WAUVPBFF6G,King,Seattle,WA,98103.0,2016,AUDI,A3,Plug-in Hybrid Electric Vehicle (PHEV),Not eligible due to low battery range,16.0,43.0,194988188,POINT (-122.35436 47.67596),CITY OF SEATTLE - (WA)|CITY OF TACOMA - (WA),53033005100.0
1C4RJYB67R,King,Seattle,WA,98144.0,2024,JEEP,GRAND CHEROKEE,Plug-in Hybrid Electric Vehicle (PHEV),Not eligible due to low battery range,25.0,37.0,271371285,POINT (-122.30866 47.57874),CITY OF SEATTLE - (WA)|CITY OF TACOMA - (WA),53033009000.0
7SAYGDEE6P,King,Seattle,WA,98144.0,2023,TESLA,MODEL Y,Battery Electric Vehicle (BEV),Eligibility unknown as battery range has not been researched,0.0,37.0,229616894,POINT (-122.30866 47.57874),CITY OF SEATTLE - (WA)|CITY OF TACOMA - (WA),53033009400.0
WBY43AW09R,King,Seattle,WA,98119.0,2024,BMW,I4,Battery Electric Vehicle (BEV),Eligibility unknown as battery range has not been researched,0.0,36.0,260771927,POINT (-122.3684 47.64586),CITY OF SEATTLE - (WA)|CITY OF TACOMA - (WA),53033005901.0
WBY43AW00P,King,Renton,WA,98059.0,2023,BMW,I4,Battery Electric Vehicle (BEV),Eligibility unknown as battery range has not been researched,0.0,11.0,237913630,POINT (-122.16548 47.53766),PUGET SOUND ENERGY INC||CITY OF TACOMA - (WA),53033025101.0
JTDKARFP8J,Spokane,Spokane Valley,WA,99016.0,2018,TOYOTA,PRIUS PRIME (PHEV),Plug-in Hybrid Electric Vehicle (PHEV),Not eligible due to low battery range,25.0,4.0,128595582,POINT (-117.1748 47.65699),BONNEVILLE POWER ADMINISTRATION||AVISTA CORP||INLAND POWER & LIGHT COMPANY,53063013101.0
1N4AZ0CP8E,King,Seattle,WA,98105.0,2014,NISSAN,LEAF,Battery Electric Vehicle (BEV),Clean Alternative Fuel Vehicle Eligible,84.0,43.0,240922902,POINT (-122.31307 47.66127),CITY OF SEATTLE - (WA)|CITY OF TACOMA - (WA),53033005201.0
3C3CFFGE1F,King,Seattle,WA,98126.0,2015,FIAT,500,Battery Electric Vehicle (BEV),Clean Alternative Fuel Vehicle Eligible,87.0,34.0,193038667,POINT (-122.36893 47.54701),CITY OF SEATTLE - (WA)|CITY OF TACOMA - (WA),53033009900.0
7PDSGBBAXR,King,Kirkland,WA,98033.0,2024,RIVIAN,R1S,Battery Electric Vehicle (BEV),Eligibility unknown as battery range has not been researched,0.0,45.0,261284285,POINT (-122.2066 47.67887),PUGET SOUND ENERGY INC||CITY OF TACOMA - (WA),53033022402.0
YV4ED3UM7P,King,Seattle,WA,98119.0,2023,VOLVO,XC40,Battery Electric Vehicle (BEV),Eligibility unknown as battery range has not been researched,0.0,36.0,279362240,POINT (-122.3684 47.64586),CITY OF SEATTLE - (WA)|CITY OF TACOMA - (WA),53033005902.0
1FADP3R41G,Thurston,Olympia,WA,98501.0,2016,FORD,FOCUS,Battery Electric Vehicle (BEV),Clean Alternative Fuel Vehicle Eligible,76.0,22.0,109646743,POINT (-122.89165 47.03954),PUGET SOUND ENERGY INC,53067011200.0
7SAYGDEE5T,Spokane,Spokane,WA,99217.0,2026,TESLA,MODEL Y,Battery Electric Vehicle (BEV),Eligibility unknown as battery range has not been researched,0.0,4.0,282397195,POINT (-117.35298 47.70433),BONNEVILLE POWER ADMINISTRATION||AVISTA CORP||INLAND POWER & LIGHT COMPANY,53063011202.0
WA1VABGE5K,King,Seattle,WA,98117.0,2019,AUDI,E-TRON,Battery Electric Vehicle (BEV),Clean Alternative Fuel Vehicle Eligible,204.0,36.0,317611248,POINT (-122.38418 47.70044),CITY OF SEATTLE - (WA)|CITY OF TACOMA - (WA),53033001500.0
7SAYGAEE1S,King,Sammamish,WA,98075.0,2025,TESLA,MODEL Y,Battery Electric Vehicle (BEV),Eligibility unknown as battery range has not been researched,0.0,41.0,277837199,POINT (-122.03539 47.61344),PUGET SOUND ENERGY INC||CITY OF TACOMA - (WA),53033032207.0
7SAYGAEE5P,King,Redmond,WA,98052.0,2023,TESLA,MODEL Y,Battery Electric Vehicle (BEV),Eligibility unknown as battery range has not been researched,0.0,45.0,261460237,POINT (-122.13158 47.67858),PUGET SOUND ENERGY INC||CITY OF TACOMA - (WA),53033032321.0
1N4AZ1BV6P,King,Shoreline,WA,98133.0,2023,NISSAN,LEAF,Battery Electric Vehicle (BEV),Eligibility unknown as battery range has not been researched,0.0,32.0,244137988,POINT (-122.34477 47.75744),CITY OF SEATTLE - (WA)|CITY OF TACOMA - (WA),53033020600.0
JTMABACAXR,King,Burien,WA,98146.0,2024,TOYOTA,BZ4X,Battery Electric Vehicle (BEV),Eligibility unknown as battery range has not been researched,0.0,34.0,263189531,POINT (-122.36178 47.49408),CITY OF SEATTLE - (WA)|CITY OF TACOMA - (WA),53033026700.0
5YJSA1E28J,Snohomish,Everett,WA,98208.0,2018,TESLA,MODEL S,Battery Electric Vehicle (BEV),Clean Alternative Fuel Vehicle Eligible,249.0,44.0,119715424,POINT (-122.18637 47.89251),PUGET SOUND ENERGY INC,53061041607.0
JHMZC5F35J,Snohomish,Lake Stevens,WA,98258.0,2018,HONDA,CLARITY,Plug-in Hybrid Electric Vehicle (PHEV),Clean Alternative Fuel Vehicle Eligible,47.0,44.0,172538222,POINT (-122.06402 48.01497),PUGET SOUND ENERGY INC,53061052706.0
5YJ3E1EB1S,Clark,Battle Ground,WA,98604.0,2025,TESLA,MODEL 3,Battery Electric Vehicle (BEV),Eligibility unknown as battery range has not been researched,0.0,18.0,276619276,POINT (-122.5331 45.78092),BONNEVILLE POWER ADMINISTRATION||PUD NO 1 OF CLARK COUNTY - (WA),53011040203.0
1V2VMPE82P,King,Seattle,WA,98199.0,2023,VOLKSWAGEN,ID.4,Battery Electric Vehicle (BEV),Eligibility unknown as battery range has not been researched,0.0,36.0,254730150,POINT (-122.40092 47.65908),CITY OF SEATTLE - (WA)|CITY OF TACOMA - (WA),53033005803.0
1C4RJXP64S,King,Seatac,WA,98148.0,2025,JEEP,WRANGLER,Plug-in Hybrid Electric Vehicle (PHEV),Not eligible due to low battery range,21.0,33.0,279112403,POINT (-122.32863 47.46233),PUGET SOUND ENERGY INC||CITY OF TACOMA - (WA),53033028500.0
WBY33AW09P,Snohomish,Bothell,WA,98021.0,2023,BMW,I4,Battery Electric Vehicle (BEV),Eligibility unknown as battery range has not been researched,0.0,1.0,229811802,POINT (-122.18384 47.8031),PUGET SOUND ENERGY INC,53061051917.0
7SAYGDEE8T,King,Medina,WA,98039.0,2026,TESLA,MODEL Y,Battery Electric Vehicle (BEV),Eligibility unknown as battery range has not been researched,0.0,48.0,286543134,POINT (-122.23892 47.61613),PUGET SOUND ENERGY INC||CITY OF TACOMA - (WA),53033024200.0
YV4H60RM2S,Snohomish,Snohomish,WA,98290.0,2025,VOLVO,XC60,Plug-in Hybrid Electric Vehicle (PHEV),Clean Alternative Fuel Vehicle Eligible,35.0,39.0,272926559,POINT (-122.09305 47.91265),BONNEVILLE POWER ADMINISTRATION||PUD 1 OF SNOHOMISH COUNTY,53061053603.0
KMHC85LJXL,King,Auburn,WA,98002.0,2020,HYUNDAI,IONIQ,Battery Electric Vehicle (BEV),Clean Alternative Fuel Vehicle Eligible,170.0,47.0,271366665,POINT (-122.22347 47.30762),PUGET SOUND ENERGY INC||CITY OF TACOMA - (WA),53033030504.0
5YJ3E1EB2N,Snohomish,Marysville,WA,98270.0,2022,TESLA,MODEL 3,Battery Electric Vehicle (BEV),Eligibility unknown as battery range has not been researched,0.0,44.0,220272440,POINT (-122.1769 48.06114),PUGET SOUND ENERGY INC,53061052707.0
5YJXCDE25L,King,Burien,WA,98166.0,2020,TESLA,MODEL X,Battery Electric Vehicle (BEV),Clean Alternative Fuel Vehicle Eligible,289.0,34.0,8155129,POINT (-122.33942 47.46864),CITY OF SEATTLE - (WA)|CITY OF TACOMA - (WA),53033027600.0
7SAYGDEE5S,King,Snoqualmie,WA,98065.0,2025,TESLA,MODEL Y,Battery Electric Vehicle (BEV),Eligibility unknown as battery range has not been researched,0.0,5.0,278783361,POINT (-121.82432 47.52716),PUGET SOUND ENERGY INC||CITY OF TACOMA - (WA),53033032604.0
3GNKDCRJ9R,Kitsap,Bremerton,WA,98310.0,2024,CHEVROLET,BLAZER,Battery Electric Vehicle (BEV),Eligibility unknown as battery range has not been researched,0.0,23.0,271628171,POINT (-122.61273 47.57428),PUGET SOUND ENERGY INC,53035080200.0
1G1FY6S00M,Kitsap,Bremerton,WA,98312.0,2021,CHEVROLET,BOLT EV,Battery Electric Vehicle (BEV),Eligibility unknown as battery range has not been researched,0.0,35.0,272269028,POINT (-122.65223 47.57192),PUGET SOUND ENERGY INC,53035081000.0
5YJ3E1EAXR,King,Redmond,WA,98052.0,2024,TESLA,MODEL 3,Battery Electric Vehicle (BEV),Eligibility unknown as battery range has not been researched,0.0,48.0,272477124,POINT (-122.13158 47.67858),PUGET SOUND ENERGY INC||CITY OF TACOMA - (WA),53033032331.0
5YJYGDEE9M,King,Newcastle,WA,98056.0,2021,TESLA,MODEL Y,Battery Electric Vehicle (BEV),Eligibility unknown as battery range has not been researched,0.0,41.0,180198476,POINT (-122.2044 47.52136),PUGET SOUND ENERGY INC||CITY OF TACOMA - (WA),53033024704.0
WBY83FB04R,Benton,Kennewick,WA,99336.0,2024,BMW,I4,Battery Electric Vehicle (BEV),Eligibility unknown as battery range has not been researched,0.0,8.0,271083816,POINT (-119.11698 46.20837),BONNEVILLE POWER ADMINISTRATION||PUD NO 1 OF BENTON COUNTY,53005010809.0
5YJ3E1EA1J,King,Kirkland,WA,98034.0,2018,TESLA,MODEL 3,Battery Electric Vehicle (BEV),Clean Alternative Fuel Vehicle Eligible,215.0,1.0,117023581,POINT (-122.22901 47.72201),PUGET SOUND ENERGY INC||CITY OF TACOMA - (WA),53033022300.0
KNDCC3LG2L,King,Kirkland,WA,98033.0,2020,KIA,NIRO,Battery Electric Vehicle (BEV),Clean Alternative Fuel Vehicle Eligible,239.0,45.0,154054673,POINT (-122.2066 47.67887),PUGET SOUND ENERGY INC||CITY OF TACOMA - (WA),53033022402.0
7PDSGCBA0R,Snohomish,Mill Creek,WA,98012.0,2024,RIVIAN,R1S,Battery Electric Vehicle (BEV),Eligibility unknown as battery range has not been researched,0.0,44.0,265382484,POINT (-122.22038 47.8572),PUGET SOUND ENERGY INC,53061052004.0
WVGUNPE28M,Thurston,Tumwater,WA,98501.0,2021,VOLKSWAGEN,ID.4,Battery Electric Vehicle (BEV),Eligibility unknown as battery range has not been researched,0.0,22.0,190001633,POINT (-122.89165 47.03954),PUGET SOUND ENERGY INC,53067011821.0
7PDSGBBA3S,King,Redmond,WA,98053.0,2025,RIVIAN,R1S,Battery Electric Vehicle (BEV),Eligibility unknown as battery range has not been researched,0.0,45.0,282798925,POINT (-122.03287 47.68555),PUGET SOUND ENERGY INC||CITY OF TACOMA - (WA),53033032333.0
1N4AZ0CP0D,King,Seattle,WA,98126.0,2013,NISSAN,LEAF,Battery Electric Vehicle (BEV),Clean Alternative Fuel Vehicle Eligible,75.0,34.0,254360354,POINT (-122.36893 47.54701),CITY OF SEATTLE - (WA)|CITY OF TACOMA - (WA),53033009900.0
1N4AZ1CP4J,King,Seattle,WA,98136.0,2018,NISSAN,LEAF,Battery Electric Vehicle (BEV),Clean Alternative Fuel Vehicle Eligible,151.0,34.0,196793810,POINT (-122.38415 47.53755),CITY OF SEATTLE - (WA)|CITY OF TACOMA - (WA),53033011602.0
1G1FW6S07H,King,Seattle,WA,98104.0,2017,CHEVROLET,BOLT EV,Battery Electric Vehicle (BEV),Clean Alternative Fuel Vehicle Eligible,238.0,37.0,281115047,POINT (-122.32945 47.60357),CITY OF SEATTLE - (WA)|CITY OF TACOMA - (WA),53033009300.0
1G1FY6S02P,Clark,Vancouver,WA,98683.0,2023,CHEVROLET,BOLT EUV,Battery Electric Vehicle (BEV),Eligibility unknown as battery range has not been researched,0.0,17.0,226095565,POINT (-122.49212 45.60365),BONNEVILLE POWER ADMINISTRATION||PUD NO 1 OF CLARK COUNTY - (WA),53011041310.0
3GPKHZRJ4R,Skagit,Burlington,WA,98233.0,2024,HONDA,PROLOGUE,Battery Electric Vehicle (BEV),Eligibility unknown as battery range has not been researched,0.0,40.0,274198319,POINT (-122.33029 48.46846),PUGET SOUND ENERGY INC,53057951600.0
1G1FY6S08P,Pierce,Orting,WA,98360.0,2023,CHEVROLET,BOLT EUV,Battery Electric Vehicle (BEV),Eligibility unknown as battery range has not been researched,0.0,2.0,257930137,POINT (-122.20166 47.09596),PUGET SOUND ENERGY INC||CITY OF TACOMA - (WA),53053070404.0
JTDKN3DP8D,Pierce,Tacoma,WA,98465.0,2013,TOYOTA,PRIUS,Plug-in Hybrid Electric Vehicle (PHEV),Not eligible due to low battery range,6.0,28.0,253252520,POINT (-122.53215 47.2499),BONNEVILLE POWER ADMINISTRATION||CITY OF TACOMA - (WA)||PENINSULA LIGHT COMPANY,53053061001.0
KNDPZDAH3P,Pierce,Bonney Lake,WA,98391.0,2023,KIA,SPORTAGE,Plug-in Hybrid Electric Vehicle (PHEV),Clean Alternative Fuel Vehicle Eligible,34.0,31.0,253224093,POINT (-122.17144 47.19175),PUGET SOUND ENERGY INC||CITY OF TACOMA - (WA),53053070208.0
5YJ3E1EB9R,King,Sammamish,WA,98075.0,2024,TESLA,MODEL 3,Battery Electric Vehicle (BEV),Eligibility unknown as battery range has not been researched,0.0,41.0,272042473,POINT (-122.03539 47.61344),PUGET SOUND ENERGY INC||CITY OF TACOMA - (WA),53033032217.0
5YJ3E1EB0M,Douglas,Orondo,WA,98843.0,2021,TESLA,MODEL 3,Battery Electric Vehicle (BEV),Eligibility unknown as battery range has not been researched,0.0,12.0,264322873,POINT (-120.22795 47.62353),PUD NO 1 OF DOUGLAS COUNTY,53017950101.0
JM3KKBHA7S,Snohomish,Lynnwood,WA,98037.0,2025,MAZDA,CX-90,Plug-in Hybrid Electric Vehicle (PHEV),Not eligible due to low battery range,26.0,32.0,283490147,POINT (-122.27734 47.83785),PUGET SOUND ENERGY INC,53061051802.0
5YJ3E1EB2L,Benton,Kennewick,WA,99336.0,2020,TESLA,MODEL 3,Battery Electric Vehicle (BEV),Clean Alternative Fuel Vehicle Eligible,322.0,8.0,104451098,POINT (-119.11698 46.20837),BONNEVILLE POWER ADMINISTRATION||PUD NO 1 OF BENTON COUNTY,53005010809.0
1G1RG6E43E,King,Seattle,WA,98115.0,2014,CHEVROLET,VOLT,Plug-in Hybrid Electric Vehicle (PHEV),Clean Alternative Fuel Vehicle Eligible,38.0,46.0,104643234,POINT (-122.31676 47.68156),CITY OF SEATTLE - (WA)|CITY OF TACOMA - (WA),53033002600.0
7SAYGDED6S,King,Bellevue,WA,98008.0,2025,TESLA,MODEL Y,Battery Electric Vehicle (BEV),Eligibility unknown as battery range has not been researched,0.0,48.0,275799520,POINT (-122.11867 47.63131),PUGET SOUND ENERGY INC||CITY OF TACOMA - (WA),53033023202.0
WVGTMPE21N,Stevens,Nine Mile Falls,WA,99026.0,2022,VOLKSWAGEN,ID.4,Battery Electric Vehicle (BEV),Eligibility unknown as battery range has not been researched,0.0,7.0,231145064,POINT (-117.54392 47.77676),NO KNOWN ELECTRIC UTILITY SERVICE,53065951402.0
3FMTK4SE2P,King,Federal Way,WA,98023.0,2023,FORD,MUSTANG MACH-E,Battery Electric Vehicle (BEV),Eligibility unknown as battery range has not been researched,0.0,30.0,262761033,POINT (-122.34059 47.32478),PUGET SOUND ENERGY INC||CITY OF TACOMA - (WA),53033030306.0
7SAYGDEE4R,Pierce,Tacoma,WA,98406.0,2024,TESLA,MODEL Y,Battery Electric Vehicle (BEV),Eligibility unknown as battery range has not been researched,0.0,28.0,264958907,POINT (-122.52082 47.26887),BONNEVILLE POWER ADMINISTRATION||CITY OF TACOMA - (WA)||PENINSULA LIGHT COMPANY,53053060908.0
1N4AZ1CP3J,Snohomish,Stanwood,WA,98292.0,2018,NISSAN,LEAF,Battery Electric Vehicle (BEV),Clean Alternative Fuel Vehicle Eligible,151.0,10.0,273815440,POINT (-122.37265 48.24159),BONNEVILLE POWER ADMINISTRATION||PUD 1 OF SNOHOMISH COUNTY,53061053301.0
JN8CF0BF9S,Snohomish,Sultan,WA,98294.0,2025,NISSAN,ARIYA MPV,Battery Electric Vehicle (BEV),Eligibility unknown as battery range has not been researched,0.0,39.0,281400885,POINT (-121.81688 47.8623),PUGET SOUND ENERGY INC,53061053802.0
1N4AZ1CP9J,King,Renton,WA,98059.0,2018,NISSAN,LEAF,Battery Electric Vehicle (BEV),Clean Alternative Fuel Vehicle Eligible,151.0,11.0,290818622,POINT (-122.16548 47.53766),PUGET SOUND ENERGY INC||CITY OF TACOMA - (WA),53033025602.0
WVGKMPE21N,Snohomish,Granite Falls,WA,98252.0,2022,VOLKSWAGEN,ID.4,Battery Electric Vehicle (BEV),Eligibility unknown as battery range has not been researched,0.0,39.0,228114848,POINT (-121.96931 48.08157),BONNEVILLE POWER ADMINISTRATION||PUD 1 OF SNOHOMISH COUNTY,53061053606.0
KM8KRDAF1P,Snohomish,Marysville,WA,98270.0,2023,HYUNDAI,IONIQ 5,Battery Electric Vehicle (BEV),Eligibility unknown as battery range has not been researched,0.0,38.0,258237199,POINT (-122.1769 48.06114),PUGET SOUND ENERGY INC,53061052810.0
1FT6W3L77R,King,Shoreline,WA,98133.0,2024,FORD,F-150,Battery Electric Vehicle (BEV),Eligibility unknown as battery range has not been researched,0.0,32.0,276202916,POINT (-122.34477 47.75744),CITY OF SEATTLE - (WA)|CITY OF TACOMA - (WA),53033020800.0
3FMTK3S5XS,King,Seattle,WA,98103.0,2025,FORD,MUSTANG MACH-E,Battery Electric Vehicle (BEV),Eligibility unknown as battery range has not been researched,0.0,43.0,286055773,POINT (-122.35436 47.67596),CITY OF SEATTLE - (WA)|CITY OF TACOMA - (WA),53033005402.0
7SAYGDEE0R,Pierce,Tacoma,WA,98444.0,2024,TESLA,MODEL Y,Battery Electric Vehicle (BEV),Eligibility unknown as battery range has not been researched,0.0,29.0,263018752,POINT (-122.43828 47.15258),BONNEVILLE POWER ADMINISTRATION||CITY OF TACOMA - (WA)||ELMHURST MUTUAL POWER & LIGHT CO|PENINSULA LIGHT COMPANY,53053071503.0
WA1F2AFY4N,King,Sammamish,WA,98075.0,2022,AUDI,Q5,Plug-in Hybrid Electric Vehicle (PHEV),Not eligible due to low battery range,23.0,41.0,208638342,POINT (-122.03539 47.61344),PUGET SOUND ENERGY INC||CITY OF TACOMA - (WA),53033032217.0
KM8KRDDF9R,Pierce,Tacoma,WA,98408.0,2024,HYUNDAI,IONIQ 5,Battery Electric Vehicle (BEV),Eligibility unknown as battery range has not been researched,0.0,29.0,267334497,POINT (-122.44718 47.20144),BONNEVILLE POWER ADMINISTRATION||CITY OF TACOMA - (WA)||PENINSULA LIGHT COMPANY,53053063100.0
WMW13DJ00N,King,Seattle,WA,98109.0,2022,MINI,HARDTOP,Battery Electric Vehicle (BEV),Eligibility unknown as battery range has not been researched,0.0,36.0,283379736,POINT (-122.35022 47.63824),CITY OF SEATTLE - (WA)|CITY OF TACOMA - (WA),53033006703.0
5YJ3E1EB5J,King,Bothell,WA,98011.0,2018,TESLA,MODEL 3,Battery Electric Vehicle (BEV),Clean Alternative Fuel Vehicle Eligible,215.0,1.0,473608488,POINT (-122.20563 47.76144),PUGET SOUND ENERGY INC||CITY OF TACOMA - (WA),53033021804.0
7SAYGAEE8P,King,Seattle,WA,98178.0,2023,TESLA,MODEL Y,Battery Electric Vehicle (BEV),Eligibility unknown as battery range has not been researched,0.0,37.0,264318953,POINT (-122.23825 47.49461),PUGET SOUND ENERGY INC||CITY OF TACOMA - (WA),53033025302.0
3FMTK3SU9S,Snohomish,Lynnwood,WA,98036.0,2025,FORD,MUSTANG MACH-E,Battery Electric Vehicle (BEV),Eligibility unknown as battery range has not been researched,0.0,21.0,285743090,POINT (-122.29245 47.82557),PUGET SOUND ENERGY INC,53061051922.0
7SAYGDED3P,King,Bellevue,WA,98006.0,2023,TESLA,MODEL Y,Battery Electric Vehicle (BEV),Eligibility unknown as battery range has not been researched,0.0,41.0,261347383,POINT (-122.12096 47.55584),PUGET SOUND ENERGY INC||CITY OF TACOMA - (WA),53033024701.0
JTDACACU6R,Thurston,Yelm,WA,98597.0,2024,TOYOTA,PRIUS PRIME (PHEV),Plug-in Hybrid Electric Vehicle (PHEV),Clean Alternative Fuel Vehicle Eligible,39.0,2.0,260862549,POINT (-122.60735 46.94239),PUGET SOUND ENERGY INC,53067012422.0
1C4RJXR69R,King,Renton,WA,98057.0,2024,JEEP,WRANGLER,Plug-in Hybrid Electric Vehicle (PHEV),Not eligible due to low battery range,21.0,11.0,267668866,POINT (-122.20489 47.47532),PUGET SOUND ENERGY INC||CITY OF TACOMA - (WA),53033026200.0
7SAYGDED5S,Pierce,Puyallup,WA,98374.0,2025,TESLA,MODEL Y,Battery Electric Vehicle (BEV),Eligibility unknown as battery range has not been researched,0.0,25.0,278650333,POINT (-122.27575 47.13959),BONNEVILLE POWER ADMINISTRATION||CITY OF TACOMA - (WA)||PENINSULA LIGHT COMPANY,53053071212.0
JTJHKCFZ7R,Skagit,Anacortes,WA,98221.0,2024,LEXUS,NX,Plug-in Hybrid Electric Vehicle (PHEV),Clean Alternative Fuel Vehicle Eligible,37.0,40.0,262988603,POINT (-122.61216 48.51749),PUGET SOUND ENERGY INC,53057940500.0
7PDSGABL6N,King,Renton,WA,98059.0,2022,RIVIAN,R1S,Battery Electric Vehicle (BEV),Eligibility unknown as battery range has not been researched,0.0,11.0,228007846,POINT (-122.16548 47.53766),PUGET SOUND ENERGY INC||CITY OF TACOMA - (WA),53033025602.0
7SAYGDEE2P,King,Redmond,WA,98052.0,2023,TESLA,MODEL Y,Battery Electric Vehicle (BEV),Eligibility unknown as battery range has not been researched,0.0,48.0,236404171,POINT (-122.13158 47.67858),PUGET SOUND ENERGY INC||CITY OF TACOMA - (WA),53033022803.0
WP1AE2A25G,Pierce,Fox Island,WA,98333.0,2016,PORSCHE,CAYENNE,Plug-in Hybrid Electric Vehicle (PHEV),Not eligible due to low battery range,14.0,26.0,137089403,POINT (-122.65107 47.27375),BONNEVILLE POWER ADMINISTRATION||CITY OF TACOMA - (WA)||PENINSULA LIGHT COMPANY,53053072410.0
YV4EK3ZK7S,King,Sammamish,WA,98074.0,2025,VOLVO,EX30,Battery Electric Vehicle (BEV),Eligibility unknown as battery range has not been researched,0.0,45.0,280879805,POINT (-122.02054 47.60326),PUGET SOUND ENERGY INC||CITY OF TACOMA - (WA),53033032318.0
5YJSA1E20J,King,Seattle,WA,98121.0,2018,TESLA,MODEL S,Battery Electric Vehicle (BEV),Clean Alternative Fuel Vehicle Eligible,249.0,36.0,473919463,POINT (-122.34468 47.61578),CITY OF SEATTLE - (WA)|CITY OF TACOMA - (WA),53033007201.0
7SAYGDEE8R,Clallam,Sequim,WA,98382.0,2024,TESLA,MODEL Y,Battery Electric Vehicle (BEV),Eligibility unknown as battery range has not been researched,0.0,24.0,262360969,POINT (-123.10367 48.07965),BONNEVILLE POWER ADMINISTRATION||PUD NO 1 OF CLALLAM COUNTY,53009001901.0
JTMAB3FV7N,Snohomish,Stanwood,WA,98292.0,2022,TOYOTA,RAV4 PRIME (PHEV),Plug-in Hybrid Electric Vehicle (PHEV),Clean Alternative Fuel Vehicle Eligible,42.0,10.0,224518451,POINT (-122.37265 48.24159),NO KNOWN ELECTRIC UTILITY SERVICE,53061053201.0
JTMABACA2R,Stevens,Kettle Falls,WA,99141.0,2024,TOYOTA,BZ4X,Battery Electric Vehicle (BEV),Eligibility unknown as battery range has not been researched,0.0,7.0,276752416,POINT (-118.06211 48.61053),AVISTA CORP,53065950101.0
1N4BZ0CP4H,Clark,Amboy,WA,98601.0,2017,NISSAN,LEAF,Battery Electric Vehicle (BEV),Clean Alternative Fuel Vehicle Eligible,107.0,20.0,123316378,POINT (-122.42148 45.91958),BONNEVILLE POWER ADMINISTRATION||PUD NO 1 OF CLARK COUNTY - (WA),53011040101.0
5YJ3E1EA9P,King,Seattle,WA,98178.0,2023,TESLA,MODEL 3,Battery Electric Vehicle (BEV),Eligibility unknown as battery range has not been researched,0.0,37.0,251173625,POINT (-122.23825 47.49461),CITY OF SEATTLE - (WA)|CITY OF TACOMA - (WA),53033011901.0
7SAYGDEE2T,King,Kirkland,WA,98034.0,2026,TESLA,MODEL Y,Battery Electric Vehicle (BEV),Eligibility unknown as battery range has not been researched,0.0,1.0,283441147,POINT (-122.22901 47.72201),PUGET SOUND ENERGY INC||CITY OF TACOMA - (WA),53033022203.0
5YJ3E1EA2P,Snohomish,Lake Stevens,WA,98258.0,2023,TESLA,MODEL 3,Battery Electric Vehicle (BEV),Eligibility unknown as battery range has not been researched,0.0,44.0,238438889,POINT (-122.06402 48.01497),PUGET SOUND ENERGY INC,53061052607.0
1G1FY6S00K,Clark,Vancouver,WA,98684.0,2019,CHEVROLET,BOLT EV,Battery Electric Vehicle (BEV),Clean Alternative Fuel Vehicle Eligible,238.0,17.0,183467903,POINT (-122.48723 45.63701),BONNEVILLE POWER ADMINISTRATION||PUD NO 1 OF CLARK COUNTY - (WA),53011041320.0
5YJ3E1EBXM,King,Redmond,WA,98052.0,2021,TESLA,MODEL 3,Battery Electric Vehicle (BEV),Eligibility unknown as battery range has not been researched,0.0,48.0,280933439,POINT (-122.13158 47.67858),PUGET SOUND ENERGY INC||CITY OF TACOMA - (WA),53033032330.0
KNDCR3L1XP,Clark,Vancouver,WA,98663.0,2023,KIA,NIRO,Battery Electric Vehicle (BEV),Eligibility unknown as battery range has not been researched,0.0,49.0,245732392,POINT (-122.64695 45.65675),BONNEVILLE POWER ADMINISTRATION||PUD NO 1 OF CLARK COUNTY - (WA),53011041800.0
5YJ3E1EA2J,King,Mercer Island,WA,98040.0,2018,TESLA,MODEL 3,Battery Electric Vehicle (BEV),Clean Alternative Fuel Vehicle Eligible,215.0,41.0,174067918,POINT (-122.21238 47.57816),PUGET SOUND ENERGY INC||CITY OF TACOMA - (WA),53033024602.0
KMHC75LD2L,Cowlitz,Silverlake,WA,98645.0,2020,HYUNDAI,IONIQ,Plug-in Hybrid Electric Vehicle (PHEV),Not eligible due to low battery range,29.0,20.0,261167763,POINT (-122.8112 46.29694),BONNEVILLE POWER ADMINISTRATION||PUD NO 1 OF COWLITZ COUNTY,53015002003.0
JTDKAMFP7N,King,Seattle,WA,98116.0,2022,TOYOTA,PRIUS PRIME (PHEV),Plug-in Hybrid Electric Vehicle (PHEV),Not eligible due to low battery range,25.0,34.0,229830296,POINT (-122.41067 47.57894),CITY OF SEATTLE - (WA)|CITY OF TACOMA - (WA),53033010501.0
7SAYGDEE9P,King,Renton,WA,98056.0,2023,TESLA,MODEL Y,Battery Electric Vehicle (BEV),Eligibility unknown as battery range has not been researched,0.0,41.0,238896934,POINT (-122.2044 47.52136),PUGET SOUND ENERGY INC||CITY OF TACOMA - (WA),53033024704.0
1N4BZ1CP9K,King,Seattle,WA,98126.0,2019,NISSAN,LEAF,Battery Electric Vehicle (BEV),Clean Alternative Fuel Vehicle Eligible,150.0,34.0,113049877,POINT (-122.36893 47.54701),CITY OF SEATTLE - (WA)|CITY OF TACOMA - (WA),53033009900.0
3FMTK1SS4M,Clark,Vancouver,WA,98682.0,2021,FORD,MUSTANG MACH-E,Battery Electric Vehicle (BEV),Eligibility unknown as battery range has not been researched,0.0,17.0,182665794,POINT (-122.55149 45.69345),BONNEVILLE POWER ADMINISTRATION||PUD NO 1 OF CLARK COUNTY - (WA),53011041330.0
5UXTA6C05N,King,Seattle,WA,98118.0,2022,BMW,X5,Plug-in Hybrid Electric Vehicle (PHEV),Clean Alternative Fuel Vehicle Eligible,30.0,37.0,193003485,POINT (-122.2668 47.55115),PUGET SOUND ENERGY INC||CITY OF TACOMA - (WA),53033010200.0
1V2BMPE81P,Pierce,Tacoma,WA,98465.0,2023,VOLKSWAGEN,ID.4,Battery Electric Vehicle (BEV),Eligibility unknown as battery range has not been researched,0.0,27.0,262515039,POINT (-122.53215 47.2499),BONNEVILLE POWER ADMINISTRATION||CITY OF TACOMA - (WA)||PENINSULA LIGHT COMPANY,53053061100.0
7SAYGAEE7S,Whatcom,Bellingham,WA,98226.0,2025,TESLA,MODEL Y,Battery Electric Vehicle (BEV),Eligibility unknown as battery range has not been researched,0.0,42.0,274296557,POINT (-122.49756 48.7999),PUGET SOUND ENERGY INC||PUD NO 1 OF WHATCOM COUNTY,53073000700.0
2C4RC1L74N,Walla Walla,Walla Walla,WA,99362.0,2022,CHRYSLER,PACIFICA,Plug-in Hybrid Electric Vehicle (PHEV),Clean Alternative Fuel Vehicle Eligible,32.0,16.0,253320840,POINT (-118.34261 46.07068),PACIFICORP,53071920702.0
7PDSGBBA0S,King,Redmond,WA,98052.0,2025,RIVIAN,R1S,Battery Electric Vehicle (BEV),Eligibility unknown as battery range has not been researched,0.0,48.0,271167445,POINT (-122.13158 47.67858),PUGET SOUND ENERGY INC||CITY OF TACOMA - (WA),53033022902.0
1FMCU0EZ2N,King,Seattle,WA,98109.0,2022,FORD,ESCAPE,Plug-in Hybrid Electric Vehicle (PHEV),Clean Alternative Fuel Vehicle Eligible,38.0,36.0,205237476,POINT (-122.35022 47.63824),CITY OF SEATTLE - (WA)|CITY OF TACOMA - (WA),53033006800.0
3GN7DSRP2S,King,Seattle,WA,98122.0,2025,CHEVROLET,EQUINOX,Battery Electric Vehicle (BEV),Eligibility unknown as battery range has not been researched,0.0,43.0,284483545,POINT (-122.31009 47.60803),CITY OF SEATTLE - (WA)|CITY OF TACOMA - (WA),53033007502.0
JTMEB3FV9R,Island,Clinton,WA,98236.0,2024,TOYOTA,RAV4 PRIME (PHEV),Plug-in Hybrid Electric Vehicle (PHEV),Clean Alternative Fuel Vehicle Eligible,42.0,10.0,274132582,POINT (-122.35803 47.9796),PUGET SOUND ENERGY INC,53029972100.0
5YJ3E1ET7R,King,Bellevue,WA,98006.0,2024,TESLA,MODEL 3,Battery Electric Vehicle (BEV),Eligibility unknown as battery range has not been researched,0.0,41.0,269374388,POINT (-122.12096 47.55584),PUGET SOUND ENERGY INC||CITY OF TACOMA - (WA),53033024800.0
WA13ABGE9L,Clark,Vancouver,WA,98661.0,2020,AUDI,E-TRON SPORTBACK,Battery Electric Vehicle (BEV),Clean Alternative Fuel Vehicle Eligible,218.0,49.0,120339950,POINT (-122.62934 45.63201),BONNEVILLE POWER ADMINISTRATION||PUD NO 1 OF CLARK COUNTY - (WA),53011042601.0
3GPKHXRJ7R,Spokane,Spokane,WA,99203.0,2024,HONDA,PROLOGUE,Battery Electric Vehicle (BEV),Eligibility unknown as battery range has not been researched,0.0,6.0,270154321,POINT (-117.39322 47.63374),MODERN ELECTRIC WATER COMPANY,53063004200.0
5YJ3E1EB5R,King,Renton,WA,98058.0,2024,TESLA,MODEL 3,Battery Electric Vehicle (BEV),Eligibility unknown as battery range has not been researched,0.0,11.0,271765399,POINT (-122.08747 47.4466),PUGET SOUND ENERGY INC||CITY OF TACOMA - (WA),53033031910.0
7SAYGDEE7T,Spokane,Spokane,WA,99223.0,2026,TESLA,MODEL Y,Battery Electric Vehicle (BEV),Eligibility unknown as battery range has not been researched,0.0,6.0,281377064,POINT (-117.36043 47.63396),BONNEVILLE POWER ADMINISTRATION||AVISTA CORP||INLAND POWER & LIGHT COMPANY,53063013401.0
7SAYGDEE1R,King,Newcastle,WA,98059.0,2024,TESLA,MODEL Y,Battery Electric Vehicle (BEV),Eligibility unknown as battery range has not been researched,0.0,41.0,262450184,POINT (-122.16548 47.53766),PUGET SOUND ENERGY INC||CITY OF TACOMA - (WA),53033025005.0
W1NKM5GB5S,King,Sammamish,WA,98075.0,2025,MERCEDES-BENZ,GLC-CLASS,Plug-in Hybrid Electric Vehicle (PHEV),Clean Alternative Fuel Vehicle Eligible,54.0,41.0,281126989,POINT (-122.03539 47.61344),PUGET SOUND ENERGY INC||CITY OF TACOMA - (WA),53033032217.0
5YJ3E1EA7J,Pierce,Tacoma,WA,98466.0,2018,TESLA,MODEL 3,Battery Electric Vehicle (BEV),Clean Alternative Fuel Vehicle Eligible,215.0,28.0,180257892,POINT (-122.53705 47.22411),BONNEVILLE POWER ADMINISTRATION||CITY OF TACOMA - (WA)||PENINSULA LIGHT COMPANY,53053072310.0
7PDSGABA8P,King,Sammamish,WA,98074.0,2023,RIVIAN,R1S,Battery Electric Vehicle (BEV),Eligibility unknown as battery range has not been researched,0.0,45.0,257373098,POINT (-122.02054 47.60326),PUGET SOUND ENERGY INC||CITY OF TACOMA - (WA),53033032317.0
WVWKP7AU5G,King,Seattle,WA,98107.0,2016,VOLKSWAGEN,E-GOLF,Battery Electric Vehicle (BEV),Clean Alternative Fuel Vehicle Eligible,83.0,36.0,8694584,POINT (-122.38591 47.67597),CITY OF SEATTLE - (WA)|CITY OF TACOMA - (WA),53033004703.0
5YJ3E1EB2N,Benton,Richland,WA,99352.0,2022,TESLA,MODEL 3,Battery Electric Vehicle (BEV),Eligibility unknown as battery range has not been researched,0.0,8.0,215117038,POINT (-119.27372 46.27391),BONNEVILLE POWER ADMINISTRATION||CITY OF RICHLAND - (WA),53005010819.0
3FMTK3SU1P,Benton,Richland,WA,99352.0,2023,FORD,MUSTANG MACH-E,Battery Electric Vehicle (BEV),Eligibility unknown as battery range has not been researched,0.0,8.0,260833233,POINT (-119.27372 46.27391),BONNEVILLE POWER ADMINISTRATION||CITY OF RICHLAND - (WA),53005010600.0
WA1G2AFY5R,King,Woodinville,WA,98072.0,2024,AUDI,Q5 E,Plug-in Hybrid Electric Vehicle (PHEV),Not eligible due to low battery range,23.0,45.0,280659501,POINT (-122.15545 47.75448),PUGET SOUND ENERGY INC||CITY OF TACOMA - (WA),53033032327.0
JM3KKEHA4R,King,Maple Valley,WA,98038.0,2024,MAZDA,CX-90,Plug-in Hybrid Electric Vehicle (PHEV),Not eligible due to low battery range,26.0,5.0,276705628,POINT (-122.04526 47.39394),PUGET SOUND ENERGY INC||CITY OF TACOMA - (WA),53033032011.0
7SAYGDEE6T,Snohomish,Lynnwood,WA,98036.0,2026,TESLA,MODEL Y,Battery Electric Vehicle (BEV),Eligibility unknown as battery range has not been researched,0.0,32.0,279901569,POINT (-122.29245 47.82557),PUGET SOUND ENERGY INC,53061051931.0
1G1FW6S04L,Clark,Washougal,WA,98671.0,2020,CHEVROLET,BOLT EV,Battery Electric Vehicle (BEV),Clean Alternative Fuel Vehicle Eligible,259.0,18.0,265810282,POINT (-122.35341 45.57923),BONNEVILLE POWER ADMINISTRATION||PUD NO 1 OF CLARK COUNTY - (WA),53011040513.0
7SAYGDEE0R,Clark,Brush Prairie,WA,98606.0,2024,TESLA,MODEL Y,Battery Electric Vehicle (BEV),Eligibility unknown as battery range has not been researched,0.0,18.0,261812918,POINT (-122.54578 45.73473),BONNEVILLE POWER ADMINISTRATION||PUD NO 1 OF CLARK COUNTY - (WA),53011040505.0
7SAXCDE58R,Snohomish,Lynnwood,WA,98037.0,2024,TESLA,MODEL X,Battery Electric Vehicle (BEV),Eligibility unknown as battery range has not been researched,0.0,32.0,269806582,POINT (-122.27734 47.83785),PUGET SOUND ENERGY INC,53061051702.0
1G1FY6S04P,Island,Camano Island,WA,98282.0,2023,CHEVROLET,BOLT EUV,Battery Electric Vehicle (BEV),Eligibility unknown as battery range has not been researched,0.0,10.0,257404206,POINT (-122.40049 48.23986),BONNEVILLE POWER ADMINISTRATION||PUD 1 OF SNOHOMISH COUNTY,53029971700.0
1N4AZ1CPXK,Snohomish,Monroe,WA,98272.0,2019,NISSAN,LEAF,Battery Electric Vehicle (BEV),Clean Alternative Fuel Vehicle Eligible,150.0,39.0,2140848,POINT (-121.98087 47.8526),PUGET SOUND ENERGY INC,53061052208.0
5YJYGDEE3M,King,Seattle,WA,98116.0,2021,TESLA,MODEL Y,Battery Electric Vehicle (BEV),Eligibility unknown as battery range has not been researched,0.0,34.0,148614672,POINT (-122.41067 47.57894),CITY OF SEATTLE - (WA)|CITY OF TACOMA - (WA),53033009702.0
5YJ3E1EA9J,Thurston,Lacey,WA,98513.0,2018,TESLA,MODEL 3,Battery Electric Vehicle (BEV),Clean Alternative Fuel Vehicle Eligible,215.0,22.0,209828650,POINT (-122.81754 46.98876),PUGET SOUND ENERGY INC,53067011623.0
7SAYGDEF7N,King,Redmond,WA,98052.0,2022,TESLA,MODEL Y,Battery Electric Vehicle (BEV),Eligibility unknown as battery range has not been researched,0.0,45.0,219373591,POINT (-122.13158 47.67858),PUGET SOUND ENERGY INC||CITY OF TACOMA - (WA),53033032313.0
3GPKHZRJ8R,Walla Walla,Walla Walla,WA,99362.0,2024,HONDA,PROLOGUE,Battery Electric Vehicle (BEV),Eligibility unknown as battery range has not been researched,0.0,16.0,270812496,POINT (-118.34261 46.07068),PACIFICORP,53071920902.0
1N4AZ0CP6D,Kitsap,Bainbridge Island,WA,98110.0,2013,NISSAN,LEAF,Battery Electric Vehicle (BEV),Clean Alternative Fuel Vehicle Eligible,75.0,23.0,185392301,POINT (-122.521 47.62732),PUGET SOUND ENERGY INC,53035091002.0
KNDJX3AE4G,King,Seattle,WA,98101.0,2016,KIA,SOUL,Battery Electric Vehicle (BEV),Clean Alternative Fuel Vehicle Eligible,93.0,43.0,209997770,POINT (-122.34223 47.61085),CITY OF SEATTLE - (WA)|CITY OF TACOMA - (WA),53033008102.0
JN1DF0CD4P,Clark,Ridgefield,WA,98642.0,2023,NISSAN,ARIYA HATCHBACK,Battery Electric Vehicle (BEV),Eligibility unknown as battery range has not been researched,0.0,18.0,273943988,POINT (-122.74595 45.81539),BONNEVILLE POWER ADMINISTRATION||PUD NO 1 OF CLARK COUNTY - (WA),53011040303.0
5YJ3E1EA6M,King,Auburn,WA,98092.0,2021,TESLA,MODEL 3,Battery Electric Vehicle (BEV),Eligibility unknown as battery range has not been researched,0.0,47.0,283004046,POINT (-122.18497 47.28825),PUGET SOUND ENERGY INC||CITY OF TACOMA - (WA),53033031206.0
1N4AZ0CP7D,King,Renton,WA,98059.0,2013,NISSAN,LEAF,Battery Electric Vehicle (BEV),Clean Alternative Fuel Vehicle Eligible,75.0,5.0,5768913,POINT (-122.16548 47.53766),PUGET SOUND ENERGY INC||CITY OF TACOMA - (WA),53033031904.0
7SAYGDEE9T,King,Sammamish,WA,98029.0,2026,TESLA,MODEL Y,Battery Electric Vehicle (BEV),Eligibility unknown as battery range has not been researched,0.0,5.0,285776732,POINT (-122.00292 47.54748),PUGET SOUND ENERGY INC||CITY OF TACOMA - (WA),53033032223.0
7SAYGDEE1R,Snohomish,Everett,WA,98208.0,2024,TESLA,MODEL Y,Battery Electric Vehicle (BEV),Eligibility unknown as battery range has not been researched,0.0,21.0,268840617,POINT (-122.18637 47.89251),PUGET SOUND ENERGY INC,53061041704.0
5XYAEFS53S,Snohomish,Edmonds,WA,98026.0,2025,KIA,EV9,Battery Electric Vehicle (BEV),Eligibility unknown as battery range has not been researched,0.0,21.0,277631756,POINT (-122.31768 47.87166),PUGET SOUND ENERGY INC,53061050300.0
7SAYGDED8S,Snohomish,Bothell,WA,98012.0,2025,TESLA,MODEL Y,Battery Electric Vehicle (BEV),Eligibility unknown as battery range has not been researched,0.0,44.0,280285547,POINT (-122.22038 47.8572),PUGET SOUND ENERGY INC,53061052005.0
WBY43AW00R,Snohomish,Edmonds,WA,98026.0,2024,BMW,I4,Battery Electric Vehicle (BEV),Eligibility unknown as battery range has not been researched,0.0,21.0,261209595,POINT (-122.31768 47.87166),PUGET SOUND ENERGY INC,53061050101.0
KNDRMDJH6S,Skagit,Bow,WA,98232.0,2025,KIA,SORENTO,Plug-in Hybrid Electric Vehicle (PHEV),Clean Alternative Fuel Vehicle Eligible,30.0,40.0,276512519,POINT (-122.397 48.56045),PUGET SOUND ENERGY INC,53057950801.0
1G1FX6S05H,King,Kent,WA,98031.0,2017,CHEVROLET,BOLT EV,Battery Electric Vehicle (BEV),Clean Alternative Fuel Vehicle Eligible,238.0,47.0,278113181,POINT (-122.17743 47.41185),PUGET SOUND ENERGY INC||CITY OF TACOMA - (WA),53033029407.0
7SAYGDEEXP,Pierce,Gig Harbor,WA,98335.0,2023,TESLA,MODEL Y,Battery Electric Vehicle (BEV),Eligibility unknown as battery range has not been researched,0.0,26.0,240034546,POINT (-122.58009 47.328),BONNEVILLE POWER ADMINISTRATION||CITY OF TACOMA - (WA)||PENINSULA LIGHT COMPANY,53053072507.0
5YJYGDEE6L,Pierce,Tacoma,WA,98422.0,2020,TESLA,MODEL Y,Battery Electric Vehicle (BEV),Clean Alternative Fuel Vehicle Eligible,291.0,27.0,281520830,POINT (-122.39471 47.28159),BONNEVILLE POWER ADMINISTRATION||CITY OF TACOMA - (WA)||PENINSULA LIGHT COMPANY,53053940005.0
5YJSA1E5XM,King,Seattle,WA,98168.0,2021,TESLA,MODEL S,Battery Electric Vehicle (BEV),Eligibility unknown as battery range has not been researched,0.0,33.0,179457617,POINT (-122.3317 47.50314),CITY OF SEATTLE - (WA)|CITY OF TACOMA - (WA),53033026400.0
1GC10UED5R,Yakima,Moxee,WA,98936.0,2024,CHEVROLET,SILVERADO,Battery Electric Vehicle (BEV),Eligibility unknown as battery range has not been researched,0.0,15.0,272354764,POINT (-120.39197 46.55621),PACIFICORP,53077001702.0
KMHC75LH0K,Clark,Vancouver,WA,98665.0,2019,HYUNDAI,IONIQ,Battery Electric Vehicle (BEV),Not eligible due to low battery range,29.0,49.0,103325421,POINT (-122.64443 45.67871),BONNEVILLE POWER ADMINISTRATION||PUD NO 1 OF CLARK COUNTY - (WA),53011040809.0
7FCEHEB27R,King,Maple Valley,WA,98038.0,2024,RIVIAN,EDV,Battery Electric Vehicle (BEV),Eligibility unknown as battery range has not been researched,0.0,5.0,269530082,POINT (-122.04526 47.39394),PUGET SOUND ENERGY INC||CITY OF TACOMA - (WA),53033032010.0
1FMCU0E12R,Snohomish,Everett,WA,98201.0,2024,FORD,ESCAPE,Plug-in Hybrid Electric Vehicle (PHEV),Clean Alternative Fuel Vehicle Eligible,37.0,38.0,270093428,POINT (-122.20596 47.97659),PUGET SOUND ENERGY INC,53061041000.0
7SAYGDEE1P,King,Bothell,WA,98011.0,2023,TESLA,MODEL Y,Battery Electric Vehicle (BEV),Eligibility unknown as battery range has not been researched,0.0,1.0,230096793,POINT (-122.20563 47.76144),PUGET SOUND ENERGY INC||CITY OF TACOMA - (WA),53033022001.0
5YJXCBE27L,King,Issaquah,WA,98027.0,2020,TESLA,MODEL X,Battery Electric Vehicle (BEV),Clean Alternative Fuel Vehicle Eligible,293.0,41.0,111653545,POINT (-122.03439 47.5301),PUGET SOUND ENERGY INC||CITY OF TACOMA - (WA),53033025006.0
WP1AD2XA6S,Thurston,Olympia,WA,98502.0,2025,PORSCHE,MACAN,Battery Electric Vehicle (BEV),Eligibility unknown as battery range has not been researched,0.0,35.0,278825480,POINT (-122.92333 47.03779),PUGET SOUND ENERGY INC,53067011902.0
5YJ3E1EAXN,King,Auburn,WA,98092.0,2022,TESLA,MODEL 3,Battery Electric Vehicle (BEV),Eligibility unknown as battery range has not been researched,0.0,47.0,267815677,POINT (-122.18497 47.28825),PUGET SOUND ENERGY INC||CITY OF TACOMA - (WA),53033031207.0
2C4RC1L7XL,Clark,Camas,WA,98607.0,2020,CHRYSLER,PACIFICA,Plug-in Hybrid Electric Vehicle (PHEV),Clean Alternative Fuel Vehicle Eligible,32.0,18.0,255249543,POINT (-122.40199 45.58694),BONNEVILLE POWER ADMINISTRATION||PUD NO 1 OF CLARK COUNTY - (WA),53011041400.0
JM3KKBHA0R,King,Bellevue,WA,98008.0,2024,MAZDA,CX-90,Plug-in Hybrid Electric Vehicle (PHEV),Not eligible due to low battery range,26.0,48.0,261808788,POINT (-122.11867 47.63131),PUGET SOUND ENERGY INC||CITY OF TACOMA - (WA),53033023000.0
5YJ3E1EB3R,King,Black Diamond,WA,98010.0,2024,TESLA,MODEL 3,Battery Electric Vehicle (BEV),Eligibility unknown as battery range has not been researched,0.0,5.0,275501285,POINT (-122.00143 47.30893),PUGET SOUND ENERGY INC||CITY OF TACOMA - (WA),53033031603.0
YV4H60DW3P,Snohomish,Bothell,WA,98021.0,2023,VOLVO,XC60,Plug-in Hybrid Electric Vehicle (PHEV),Clean Alternative Fuel Vehicle Eligible,35.0,1.0,225711419,POINT (-122.18384 47.8031),PUGET SOUND ENERGY INC,53061051937.0
5YJ3E1EB0M,Clark,Camas,WA,98607.0,2021,TESLA,MODEL 3,Battery Electric Vehicle (BEV),Eligibility unknown as battery range has not been researched,0.0,18.0,171149863,POINT (-122.40199 45.58694),BONNEVILLE POWER ADMINISTRATION||PUD NO 1 OF CLARK COUNTY - (WA),53011040609.0
7SAYGAEE8S,Pierce,Gig Harbor,WA,98335.0,2025,TESLA,MODEL Y,Battery Electric Vehicle (BEV),Eligibility unknown as battery range has not been researched,0.0,26.0,280955755,POINT (-122.58009 47.328),BONNEVILLE POWER ADMINISTRATION||CITY OF TACOMA - (WA)||PENINSULA LIGHT COMPANY,53053072408.0
5YJ3E1EA0S,King,Shoreline,WA,98155.0,2025,TESLA,MODEL 3,Battery Electric Vehicle (BEV),Eligibility unknown as battery range has not been researched,0.0,32.0,276793975,POINT (-122.27794 47.75462),CITY OF SEATTLE - (WA)|CITY OF TACOMA - (WA),53033020600.0
JTMABABA6R,Kittitas,Roslyn,WA,98941.0,2024,SUBARU,SOLTERRA,Battery Electric Vehicle (BEV),Eligibility unknown as battery range has not been researched,0.0,13.0,277058078,POINT (-120.99607 47.22593),PUGET SOUND ENERGY INC,53037975104.0
5YJ3E1EA9P,King,Maple Valley,WA,98038.0,2023,TESLA,MODEL 3,Battery Electric Vehicle (BEV),Eligibility unknown as battery range has not been researched,0.0,5.0,245704364,POINT (-122.04526 47.39394),PUGET SOUND ENERGY INC||CITY OF TACOMA - (WA),53033031604.0
1FADP5CU0G,King,Shoreline,WA,98133.0,2016,FORD,C-MAX,Plug-in Hybrid Electric Vehicle (PHEV),Not eligible due to low battery range,19.0,32.0,280397022,POINT (-122.34477 47.75744),CITY OF SEATTLE - (WA)|CITY OF TACOMA - (WA),53033021000.0
7PDSGBBAXS,King,Kirkland,WA,98034.0,2025,RIVIAN,R1S,Battery Electric Vehicle (BEV),Eligibility unknown as battery range has not been researched,0.0,45.0,280412268,POINT (-122.22901 47.72201),PUGET SOUND ENERGY INC||CITY OF TACOMA - (WA),53033022003.0
5YJXCDE24J,King,Seattle,WA,98133.0,2018,TESLA,MODEL X,Battery Electric Vehicle (BEV),Clean Alternative Fuel Vehicle Eligible,238.0,46.0,474744231,POINT (-122.34477 47.75744),CITY OF SEATTLE - (WA)|CITY OF TACOMA - (WA),53033000300.0
JTMABACA0R,King,Vashon,WA,98070.0,2024,TOYOTA,BZ4X,Battery Electric Vehicle (BEV),Eligibility unknown as battery range has not been researched,0.0,34.0,273093852,POINT (-122.4573 47.44929),PUGET SOUND ENERGY INC||CITY OF TACOMA - (WA),53033027702.0
7SAYGAEE5S,King,Seatac,WA,98188.0,2025,TESLA,MODEL Y,Battery Electric Vehicle (BEV),Eligibility unknown as battery range has not been researched,0.0,33.0,277001742,POINT (-122.27979 47.44952),PUGET SOUND ENERGY INC||CITY OF TACOMA - (WA),53033028100.0
1FTVW1BK6R,Benton,Richland,WA,99352.0,2024,FORD,F-150,Battery Electric Vehicle (BEV),Eligibility unknown as battery range has not been researched,0.0,8.0,271710694,POINT (-119.27372 46.27391),BONNEVILLE POWER ADMINISTRATION||CITY OF RICHLAND - (WA),53005010500.0
5YJYGDEEXM,King,Bellevue,WA,98005.0,2021,TESLA,MODEL Y,Battery Electric Vehicle (BEV),Eligibility unknown as battery range has not been researched,0.0,41.0,281457858,POINT (-122.1621 47.64441),PUGET SOUND ENERGY INC||CITY OF TACOMA - (WA),53033023500.0
WBY1Z2C50G,King,Redmond,WA,98053.0,2016,BMW,I3,Battery Electric Vehicle (BEV),Clean Alternative Fuel Vehicle Eligible,81.0,45.0,268893320,POINT (-122.03287 47.68555),PUGET SOUND ENERGY INC||CITY OF TACOMA - (WA),53033032315.0
7SAYGDEE2T,King,Seattle,WA,98144.0,2026,TESLA,MODEL Y,Battery Electric Vehicle (BEV),Eligibility unknown as battery range has not been researched,0.0,37.0,279262490,POINT (-122.30866 47.57874),CITY OF SEATTLE - (WA)|CITY OF TACOMA - (WA),53033009500.0
1V2DNPE80P,King,Des Moines,WA,98198.0,2023,VOLKSWAGEN,ID.4,Battery Electric Vehicle (BEV),Eligibility unknown as battery range has not been researched,0.0,33.0,244076528,POINT (-122.31991 47.40814),PUGET SOUND ENERGY INC||CITY OF TACOMA - (WA),53033029001.0
1N4AZ1CP6J,Snohomish,Mill Creek,WA,98012.0,2018,NISSAN,LEAF,Battery Electric Vehicle (BEV),Clean Alternative Fuel Vehicle Eligible,151.0,44.0,241481824,POINT (-122.22038 47.8572),PUGET SOUND ENERGY INC,53061052004.0
KM8K53AG6P,King,Kenmore,WA,98028.0,2023,HYUNDAI,KONA,Battery Electric Vehicle (BEV),Eligibility unknown as battery range has not been researched,0.0,46.0,286806677,POINT (-122.24369 47.75892),PUGET SOUND ENERGY INC||CITY OF TACOMA - (WA),53033021600.0
1C4JJXP67N,Snohomish,Lake Stevens,WA,98258.0,2022,JEEP,WRANGLER,Plug-in Hybrid Electric Vehicle (PHEV),Not eligible due to low battery range,21.0,44.0,227494942,POINT (-122.06402 48.01497),PUGET SOUND ENERGY INC,53061052604.0
7SAYGAEE7N,Clark,Camas,WA,98607.0,2022,TESLA,MODEL Y,Battery Electric Vehicle (BEV),Eligibility unknown as battery range has not been researched,0.0,18.0,193772848,POINT (-122.40199 45.58694),BONNEVILLE POWER ADMINISTRATION||PUD NO 1 OF CLARK COUNTY - (WA),53011041400.0
7SAYGAEE4P,Snohomish,Bothell,WA,98021.0,2023,TESLA,MODEL Y,Battery Electric Vehicle (BEV),Eligibility unknown as battery range has not been researched,0.0,1.0,235503677,POINT (-122.18384 47.8031),PUGET SOUND ENERGY INC,53061051916.0
JN1AZ0CP6B,King,Bothell,WA,98011.0,2011,NISSAN,LEAF,Battery Electric Vehicle (BEV),Clean Alternative Fuel Vehicle Eligible,73.0,1.0,135253583,POINT (-122.20563 47.76144),PUGET SOUND ENERGY INC||CITY OF TACOMA - (WA),53033021804.0
5YJ3E1EA7J,King,Sammamish,WA,98074.0,2018,TESLA,MODEL 3,Battery Electric Vehicle (BEV),Clean Alternative Fuel Vehicle Eligible,215.0,45.0,190751564,POINT (-122.02054 47.60326),PUGET SOUND ENERGY INC||CITY OF TACOMA - (WA),53033032225.0
3FMTK3R71N,Snohomish,Lynnwood,WA,98037.0,2022,FORD,MUSTANG MACH-E,Battery Electric Vehicle (BEV),Eligibility unknown as battery range has not been researched,0.0,21.0,198777498,POINT (-122.27734 47.83785),PUGET SOUND ENERGY INC,53061051928.0
7SAYGDEF2N,King,Seattle,WA,98118.0,2022,TESLA,MODEL Y,Battery Electric Vehicle (BEV),Eligibility unknown as battery range has not been researched,0.0,37.0,285094225,POINT (-122.2668 47.55115),CITY OF SEATTLE - (WA)|CITY OF TACOMA - (WA),53033011700.0
KNDC3DLC3R,King,Federal Way,WA,98003.0,2024,KIA,EV6,Battery Electric Vehicle (BEV),Eligibility unknown as battery range has not been researched,0.0,30.0,268075580,POINT (-122.3303 47.30151),PUGET SOUND ENERGY INC||CITY OF TACOMA - (WA),53033030313.0
5YJ3E1EA0R,King,Seattle,WA,98122.0,2024,TESLA,MODEL 3,Battery Electric Vehicle (BEV),Eligibility unknown as battery range has not been researched,0.0,37.0,269920990,POINT (-122.31009 47.60803),CITY OF SEATTLE - (WA)|CITY OF TACOMA - (WA),53033007800.0
5YJ3E1EB4S,Whatcom,Bellingham,WA,98225.0,2025,TESLA,MODEL 3,Battery Electric Vehicle (BEV),Eligibility unknown as battery range has not been researched,0.0,42.0,282601322,POINT (-122.47091 48.75256),PUGET SOUND ENERGY INC||PUD NO 1 OF WHATCOM COUNTY,53073000501.0
YV4ED3URXM,King,Clyde Hill,WA,98004.0,2021,VOLVO,XC40,Battery Electric Vehicle (BEV),Eligibility unknown as battery range has not been researched,0.0,48.0,156646122,POINT (-122.1872 47.61001),PUGET SOUND ENERGY INC||CITY OF TACOMA - (WA),53033024100.0
3FMTK3R79M,King,Sammamish,WA,98075.0,2021,FORD,MUSTANG MACH-E,Battery Electric Vehicle (BEV),Eligibility unknown as battery range has not been researched,0.0,41.0,256283506,POINT (-122.03539 47.61344),PUGET SOUND ENERGY INC||CITY OF TACOMA - (WA),53033032217.0
1G1RD6S54H,Benton,Richland,WA,99352.0,2017,CHEVROLET,VOLT,Plug-in Hybrid Electric Vehicle (PHEV),Clean Alternative Fuel Vehicle Eligible,53.0,8.0,113695795,POINT (-119.27372 46.27391),BONNEVILLE POWER ADMINISTRATION||CITY OF RICHLAND - (WA),53005010600.0
7PDSGABL1P,King,Seattle,WA,98199.0,2023,RIVIAN,R1S,Battery Electric Vehicle (BEV),Eligibility unknown as battery range has not been researched,0.0,36.0,241530614,POINT (-122.40092 47.65908),CITY OF SEATTLE - (WA)|CITY OF TACOMA - (WA),53033005700.0
1N4AZ0CP1E,Kitsap,Port Orchard,WA,98367.0,2014,NISSAN,LEAF,Battery Electric Vehicle (BEV),Clean Alternative Fuel Vehicle Eligible,84.0,26.0,198241725,POINT (-122.70348 47.52028),PUGET SOUND ENERGY INC,53035092704.0
2C4RC1L73P,Pierce,University Place,WA,98467.0,2023,CHRYSLER,PACIFICA,Plug-in Hybrid Electric Vehicle (PHEV),Clean Alternative Fuel Vehicle Eligible,32.0,28.0,276923972,POINT (-122.54045 47.20742),BONNEVILLE POWER ADMINISTRATION||CITY OF TACOMA - (WA)||PENINSULA LIGHT COMPANY,53053072314.0
7SAYGDEE8P,King,Kent,WA,98032.0,2023,TESLA,MODEL Y,Battery Electric Vehicle (BEV),Eligibility unknown as battery range has not been researched,0.0,33.0,228634465,POINT (-122.23741 47.3807),PUGET SOUND ENERGY INC||CITY OF TACOMA - (WA),53033029803.0
7SAYGDEE4N,Whatcom,Bellingham,WA,98229.0,2022,TESLA,MODEL Y,Battery Electric Vehicle (BEV),Eligibility unknown as battery range has not been researched,0.0,40.0,201934575,POINT (-122.45486 48.7449),PUGET SOUND ENERGY INC||PUD NO 1 OF WHATCOM COUNTY,53073000902.0
WBY1Z4C52E,San Juan,Friday Harbor,WA,98250.0,2014,BMW,I3,Plug-in Hybrid Electric Vehicle (PHEV),Clean Alternative Fuel Vehicle Eligible,72.0,40.0,208239811,POINT (-123.01648 48.53448),BONNEVILLE POWER ADMINISTRATION||ORCAS POWER & LIGHT COOP,53055960302.0
5YJXCAE22K,Snohomish,Bothell,WA,98012.0,2019,TESLA,MODEL X,Battery Electric Vehicle (BEV),Clean Alternative Fuel Vehicle Eligible,289.0,44.0,239720617,POINT (-122.22038 47.8572),PUGET SOUND ENERGY INC,53061052007.0
ZACPDFCW1R,King,Tukwila,WA,98188.0,2024,DODGE,HORNET,Plug-in Hybrid Electric Vehicle (PHEV),Clean Alternative Fuel Vehicle Eligible,32.0,11.0,261062217,POINT (-122.27979 47.44952),PUGET SOUND ENERGY INC||CITY OF TACOMA - (WA),53033028200.0
KNDCT3L14P,King,Federal Way,WA,98023.0,2023,KIA,NIRO,Battery Electric Vehicle (BEV),Eligibility unknown as battery range has not been researched,0.0,30.0,235105251,POINT (-122.34059 47.32478),PUGET SOUND ENERGY INC||CITY OF TACOMA - (WA),53033030304.0
7PDSGABL9N,King,Mercer Island,WA,98040.0,2022,RIVIAN,R1S,Battery Electric Vehicle (BEV),Eligibility unknown as battery range has not been researched,0.0,41.0,234953750,POINT (-122.21238 47.57816),PUGET SOUND ENERGY INC||CITY OF TACOMA - (WA),53033024602.0
1GYC3NML5T,King,Redmond,WA,98052.0,2026,CADILLAC,VISTIQ,Battery Electric Vehicle (BEV),Eligibility unknown as battery range has not been researched,0.0,48.0,284510005,POINT (-122.13158 47.67858),PUGET SOUND ENERGY INC||CITY OF TACOMA - (WA),53033032325.0
5YJSA1E28F,Pierce,Tacoma,WA,98408.0,2015,TESLA,MODEL S,Battery Electric Vehicle (BEV),Clean Alternative Fuel Vehicle Eligible,208.0,29.0,190181995,POINT (-122.44718 47.20144),BONNEVILLE POWER ADMINISTRATION||CITY OF TACOMA - (WA)||PENINSULA LIGHT COMPANY,53053063100.0
5YJ3E1EA5R,King,Bothell,WA,98011.0,2024,TESLA,MODEL 3,Battery Electric Vehicle (BEV),Eligibility unknown as battery range has not been researched,0.0,1.0,272123106,POINT (-122.20563 47.76144),PUGET SOUND ENERGY INC||CITY OF TACOMA - (WA),53033022001.0
5YJXCAE26K,King,Seattle,WA,98119.0,2019,TESLA,MODEL X,Battery Electric Vehicle (BEV),Clean Alternative Fuel Vehicle Eligible,289.0,36.0,168702754,POINT (-122.3684 47.64586),CITY OF SEATTLE - (WA)|CITY OF TACOMA - (WA),53033006900.0
1N4AZ0CP9D,King,Issaquah,WA,98027.0,2013,NISSAN,LEAF,Battery Electric Vehicle (BEV),Clean Alternative Fuel Vehicle Eligible,75.0,5.0,255789558,POINT (-122.03439 47.5301),PUGET SOUND ENERGY INC||CITY OF TACOMA - (WA),53033032103.0
1G1FW6S00H,Pierce,Fife,WA,98424.0,2017,CHEVROLET,BOLT EV,Battery Electric Vehicle (BEV),Clean Alternative Fuel Vehicle Eligible,238.0,25.0,282304382,POINT (-122.35686 47.23679),BONNEVILLE POWER ADMINISTRATION||CITY OF TACOMA - (WA)||PENINSULA LIGHT COMPANY,53053940012.0
KNDAEFS51R,King,Seattle,WA,98125.0,2024,KIA,EV9,Battery Electric Vehicle (BEV),Eligibility unknown as battery range has not been researched,0.0,46.0,269672462,POINT (-122.30253 47.72656),CITY OF SEATTLE - (WA)|CITY OF TACOMA - (WA),53033001000.0
1V2GNPE87P,King,Snoqualmie,WA,98065.0,2023,VOLKSWAGEN,ID.4,Battery Electric Vehicle (BEV),Eligibility unknown as battery range has not been researched,0.0,5.0,286366461,POINT (-121.82432 47.52716),PUGET SOUND ENERGY INC||CITY OF TACOMA - (WA),53033032604.0
JTDACACU8R,Franklin,Pasco,WA,99301.0,2024,TOYOTA,PRIUS PRIME (PHEV),Plug-in Hybrid Electric Vehicle (PHEV),Clean Alternative Fuel Vehicle Eligible,39.0,16.0,275716920,POINT (-119.09467 46.23542),BONNEVILLE POWER ADMINISTRATION||PUD NO 1 OF FRANKLIN COUNTY,53021020102.0
5YJSA1E43K,King,Kirkland,WA,98033.0,2019,TESLA,MODEL S,Battery Electric Vehicle (BEV),Clean Alternative Fuel Vehicle Eligible,270.0,45.0,477594120,POINT (-122.2066 47.67887),PUGET SOUND ENERGY INC||CITY OF TACOMA - (WA),53033022402.0
5YJYGDEF6M,Thurston,Olympia,WA,98502.0,2021,TESLA,MODEL Y,Battery Electric Vehicle (BEV),Eligibility unknown as battery range has not been researched,0.0,22.0,179730743,POINT (-122.92333 47.03779),PUGET SOUND ENERGY INC,53067010600.0
5YJ3E1EB2M,Pierce,Tacoma,WA,98406.0,2021,TESLA,MODEL 3,Battery Electric Vehicle (BEV),Eligibility unknown as battery range has not been researched,0.0,27.0,272630193,POINT (-122.52082 47.26887),BONNEVILLE POWER ADMINISTRATION||CITY OF TACOMA - (WA)||PENINSULA LIGHT COMPANY,53053060500.0
5YJ3E1EB7J,King,Seattle,WA,98115.0,2018,TESLA,MODEL 3,Battery Electric Vehicle (BEV),Clean Alternative Fuel Vehicle Eligible,215.0,46.0,316395964,POINT (-122.31676 47.68156),CITY OF SEATTLE - (WA)|CITY OF TACOMA - (WA),53033002000.0
5YJ3E1EA7P,King,Redmond,WA,98052.0,2023,TESLA,MODEL 3,Battery Electric Vehicle (BEV),Eligibility unknown as battery range has not been researched,0.0,48.0,281021485,POINT (-122.13158 47.67858),PUGET SOUND ENERGY INC||CITY OF TACOMA - (WA),53033032331.0
1N4AZ1CP9K,Snohomish,Bothell,WA,98012.0,2019,NISSAN,LEAF,Battery Electric Vehicle (BEV),Clean Alternative Fuel Vehicle Eligible,150.0,1.0,476676392,POINT (-122.22038 47.8572),PUGET SOUND ENERGY INC,53061052107.0
7SAYGDEF4R,Snohomish,Everett,WA,98203.0,2024,TESLA,MODEL Y,Battery Electric Vehicle (BEV),Eligibility unknown as battery range has not been researched,0.0,38.0,265648176,POINT (-122.23019 47.94949),PUGET SOUND ENERGY INC,53061041201.0
1FADP5CU3F,Grays Harbor,Aberdeen,WA,98520.0,2015,FORD,C-MAX,Plug-in Hybrid Electric Vehicle (PHEV),Not eligible due to low battery range,19.0,19.0,102235605,POINT (-123.81619 46.97606),BONNEVILLE POWER ADMINISTRATION||PUD NO 1 OF GRAYS HARBOR COUNTY,53027001200.0
5YJ3E1EAXP,Pierce,Graham,WA,98338.0,2023,TESLA,MODEL 3,Battery Electric Vehicle (BEV),Eligibility unknown as battery range has not been researched,0.0,2.0,276194138,POINT (-122.29477 47.05703),"BONNEVILLE POWER ADMINISTRATION||CITY OF TACOMA - (WA)||OHOP MUTUAL LIGHT COMPANY, INC|PENINSULA LIGHT COMPANY",53053073005.0
5YJ3E1EB1L,Clark,Ridgefield,WA,98642.0,2020,TESLA,MODEL 3,Battery Electric Vehicle (BEV),Clean Alternative Fuel Vehicle Eligible,322.0,18.0,131644222,POINT (-122.74595 45.81539),BONNEVILLE POWER ADMINISTRATION||PUD NO 1 OF CLARK COUNTY - (WA),53011040905.0
JTJKKCFZ8R,Pierce,Spanaway,WA,98387.0,2024,LEXUS,NX,Plug-in Hybrid Electric Vehicle (PHEV),Clean Alternative Fuel Vehicle Eligible,37.0,29.0,260495063,POINT (-122.41046 47.06512),BONNEVILLE POWER ADMINISTRATION||CITY OF TACOMA - (WA)||PENINSULA LIGHT COMPANY,53053071411.0
WBY83FB01R,King,Seattle,WA,98107.0,2024,BMW,I4,Battery Electric Vehicle (BEV),Eligibility unknown as battery range has not been researched,0.0,36.0,267683426,POINT (-122.38591 47.67597),CITY OF SEATTLE - (WA)|CITY OF TACOMA - (WA),53033004701.0
KNDCR3L1XS,King,Seattle,WA,98109.0,2025,KIA,NIRO,Battery Electric Vehicle (BEV),Eligibility unknown as battery range has not been researched,0.0,36.0,285029916,POINT (-122.35022 47.63824),CITY OF SEATTLE - (WA)|CITY OF TACOMA - (WA),53033006000.0
JM3KKEHA5S,Pierce,Tacoma,WA,98407.0,2025,MAZDA,CX-90,Plug-in Hybrid Electric Vehicle (PHEV),Not eligible due to low battery range,26.0,27.0,273989789,POINT (-122.51288 47.2987),BONNEVILLE POWER ADMINISTRATION||CITY OF TACOMA - (WA)||PENINSULA LIGHT COMPANY,53053060400.0
1G1FZ6S00L,Island,Greenbank,WA,98253.0,2020,CHEVROLET,BOLT EV,Battery Electric Vehicle (BEV),Clean Alternative Fuel Vehicle Eligible,259.0,10.0,268491597,POINT (-122.56817 48.08827),PUGET SOUND ENERGY INC,53029971302.0
7SAYGDED5P,Whatcom,Bellingham,WA,98229.0,2023,TESLA,MODEL Y,Battery Electric Vehicle (BEV),Eligibility unknown as battery range has not been researched,0.0,40.0,284445941,POINT (-122.45486 48.7449),PUGET SOUND ENERGY INC||PUD NO 1 OF WHATCOM COUNTY,53073000700.0
7SAYGDEE3N,King,Seattle,WA,98199.0,2022,TESLA,MODEL Y,Battery Electric Vehicle (BEV),Eligibility unknown as battery range has not been researched,0.0,36.0,185830949,POINT (-122.40092 47.65908),CITY OF SEATTLE - (WA)|CITY OF TACOMA - (WA),53033005600.0
5YJ3E1EB0R,Clark,Vancouver,WA,98685.0,2024,TESLA,MODEL 3,Battery Electric Vehicle (BEV),Eligibility unknown as battery range has not been researched,0.0,18.0,267825974,POINT (-122.70303 45.70954),BONNEVILLE POWER ADMINISTRATION||PUD NO 1 OF CLARK COUNTY - (WA),53011040908.0
KNDRMDLH5N,King,Maple Valley,WA,98038.0,2022,KIA,SORENTO,Plug-in Hybrid Electric Vehicle (PHEV),Clean Alternative Fuel Vehicle Eligible,32.0,5.0,193172556,POINT (-122.04526 47.39394),PUGET SOUND ENERGY INC||CITY OF TACOMA - (WA),53033032003.0
7SAYGDEE5P,Snohomish,Woodway,WA,98020.0,2023,TESLA,MODEL Y,Battery Electric Vehicle (BEV),Eligibility unknown as battery range has not been researched,0.0,32.0,260474868,POINT (-122.37689 47.81116),PUGET SOUND ENERGY INC,53061050600.0
5YJ3E1EA2J,King,Seattle,WA,98126.0,2018,TESLA,MODEL 3,Battery Electric Vehicle (BEV),Clean Alternative Fuel Vehicle Eligible,215.0,34.0,103612673,POINT (-122.36893 47.54701),CITY OF SEATTLE - (WA)|CITY OF TACOMA - (WA),53033010702.0
5YJ3E1EBXK,King,Covington,WA,98042.0,2019,TESLA,MODEL 3,Battery Electric Vehicle (BEV),Clean Alternative Fuel Vehicle Eligible,220.0,47.0,475715607,POINT (-122.1179 47.35896),PUGET SOUND ENERGY INC||CITY OF TACOMA - (WA),53033031709.0
7SAYGDEE3P,Whatcom,Bellingham,WA,98226.0,2023,TESLA,MODEL Y,Battery Electric Vehicle (BEV),Eligibility unknown as battery range has not been researched,0.0,42.0,252430657,POINT (-122.49756 48.7999),PUGET SOUND ENERGY INC||PUD NO 1 OF WHATCOM COUNTY,53073010600.0
5YJYGDEE1M,Island,Camano Island,WA,98282.0,2021,TESLA,MODEL Y,Battery Electric Vehicle (BEV),Eligibility unknown as battery range has not been researched,0.0,10.0,139842461,POINT (-122.40049 48.23986),BONNEVILLE POWER ADMINISTRATION||PUD 1 OF SNOHOMISH COUNTY,53029971700.0
7SAYGDEE7P,King,Maple Valley,WA,98038.0,2023,TESLA,MODEL Y,Battery Electric Vehicle (BEV),Eligibility unknown as battery range has not been researched,0.0,5.0,244094336,POINT (-122.04526 47.39394),PUGET SOUND ENERGY INC||CITY OF TACOMA - (WA),53033032006.0
KNDPZDDH3R,Clark,Vancouver,WA,98684.0,2024,KIA,SPORTAGE,Plug-in Hybrid Electric Vehicle (PHEV),Clean Alternative Fuel Vehicle Eligible,34.0,17.0,264408553,POINT (-122.48723 45.63701),BONNEVILLE POWER ADMINISTRATION||PUD NO 1 OF CLARK COUNTY - (WA),53011041320.0
7SAYGDEF7P,Thurston,Olympia,WA,98516.0,2023,TESLA,MODEL Y,Battery Electric Vehicle (BEV),Eligibility unknown as battery range has not been researched,0.0,22.0,285967433,POINT (-122.74743 47.08211),PUGET SOUND ENERGY INC,53067012225.0
